"";"country";"city";"name";"who";"urlname";"created";"link";"rating";"join_mode";"organizer";"member";"lat";"long";"created_year"
"1";"US";"San Francisco";"Bay Area useR Group (R Programming Language)";"Bay Area useRs";"R-Users";2008-07-18 01:21:32;"https://www.meetup.com/R-Users/";4,41;"open";3;5169;37,7999992370605;-122,410003662109;"2008"
"2";"US";"New York";"New York Open Statistical Programming Meetup";"Data hackers";"nyhackr";2009-03-12 12:29:22;"https://www.meetup.com/nyhackr/";4,57;"open";3;7585;40,7299995422363;-74,0100021362305;"2009"
"3";"US";"Santa Monica";"LA R users group";"R users";"Los-Angeles-R-Users-Group-Data-Science";2009-03-21 05:43:27;"https://www.meetup.com/Los-Angeles-R-Users-Group-Data-Science/";4,65;"open";3;1613;34,0200004577637;-118,5;"2009"
"4";"US";"Washington";"Statistical Programming DC";"dc-hackeRs";"stats-prog-dc";2009-08-10 15:38:39;"https://www.meetup.com/stats-prog-dc/";4,62;"open";3;4575;38,9099998474121;-77,0199966430664;"2009"
"5";"US";"Del Mar";"San Diego Data Science & R Users Group";"Members";"San-Diego-Data-Science-R-Users-Group";2009-10-14 20:04:10;"https://www.meetup.com/San-Diego-Data-Science-R-Users-Group/";4,79;"open";3;803;32,9599990844727;-117,230003356934;"2009"
"6";"US";"Seattle";"Seattle useR Group (R Programming Language)";"Seattle Area useRs";"Seattle-useR";2009-12-12 01:13:20;"https://www.meetup.com/Seattle-useR/";4,7;"open";3;1928;47,6599998474121;-122,290000915527;"2009"
"7";"US";"Atlanta";"Data Science & Business Intelligence Society of Atlanta";"Members";"Atlanta-Society-for-Business-Intelligence";2010-01-02 22:35:55;"https://www.meetup.com/Atlanta-Society-for-Business-Intelligence/";4,71;"open";3;2622;33,9300003051758;-84,3899993896484;"2010"
"8";"GB";"London";"LondonR";"R Users";"LondonR";2010-02-05 17:28:33;"https://www.meetup.com/LondonR/";4,77;"open";3;2404;51,5099983215332;-0,0799999982118607;"2010"
"9";"US";"Chicago";"Chicago R User Group (Chicago RUG) Data and Statistics";"Members";"ChicagoRUG";2010-04-05 21:04:24;"https://www.meetup.com/ChicagoRUG/";4,64;"open";3;2262;41,8800010681152;-87,6399993896484;"2010"
"10";"CH";"Basel";"BaselR";"Members";"BaselR";2010-04-13 14:53:12;"https://www.meetup.com/BaselR/";4,7;"open";3;194;47,5699996948242;7,57999992370605;"2010"
"11";"DE";"Kassel";"Kasseler useR Group (R Programming Language)";"useR";"Kassel-useR-Group";2010-06-01 13:54:40;"https://www.meetup.com/Kassel-useR-Group/";4,91;"approval";3;90;51,3199996948242;9,47999954223633;"2010"
"12";"AU";"Sydney";"Sydney Users of  R Forum (SURF)";"SURFers";"R-Users-Sydney";2010-06-06 12:50:11;"https://www.meetup.com/R-Users-Sydney/";4,49;"approval";3;1725;-33,8699989318848;151,210006713867;"2010"
"13";"US";"Birmingham";"BOSS - Birmingham Open Source Software";"Open Source Programmers";"bhamboss";2010-06-15 23:07:20;"https://www.meetup.com/bhamboss/";4,53;"open";3;599;33,4599990844727;-86,8099975585938;"2010"
"14";"US";"Cambridge";"Boston Predictive Analytics";"Members";"Boston-Predictive-Analytics";2010-07-16 20:35:36;"https://www.meetup.com/Boston-Predictive-Analytics/";4,46;"open";2;3567;42,3699989318848;-71,0899963378906;"2010"
"15";"AU";"Canberra";"Canberra R Users Group";"CanRUGgers";"Canberra-R-Users-Group";2010-07-19 05:32:49;"https://www.meetup.com/Canberra-R-Users-Group/";4,44;"open";3;259;-35,310001373291;149,130004882812;"2010"
"16";"SG";"Singapore";"R User Group - Singapore (RUGS)";"R hackers";"R-User-Group-SG";2010-07-26 16:38:53;"https://www.meetup.com/R-User-Group-SG/";4,5;"open";2;1489;1,29999995231628;103,849998474121;"2010"
"17";"AU";"Melbourne";"Melbourne Users of R Network (MelbURN)";"MelbURNians";"MelbURN-Melbourne-Users-of-R-Network";2010-08-04 06:12:27;"https://www.meetup.com/MelbURN-Melbourne-Users-of-R-Network/";4,52;"open";3;1599;-37,810001373291;144,960006713867;"2010"
"18";"US";"Portland";"Portland R User Group";"UseRs";"portland-r-user-group";2010-08-04 06:52:55;"https://www.meetup.com/portland-r-user-group/";4,61;"open";3;1042;45,5;-122,690002441406;"2010"
"19";"US";"San Francisco";"Data Visualization Group in the Bay Area";"Data Artists";"visualizemydata";2010-08-16 06:40:00;"https://www.meetup.com/visualizemydata/";4,57;"open";3;7370;37,7700004577637;-122,410003662109;"2010"
"20";"US";"Chapel Hill";"Raleigh-Durham-Chapel Hill R Users Group";"Triangle useRs";"Triangle-useR";2010-08-16 23:33:16;"https://www.meetup.com/Triangle-useR/";4,48;"open";3;739;35,9199981689453;-79,120002746582;"2010"
"21";"US";"Denver";"Denver R User Group";"R Users";"DenverRUG";2010-08-25 16:55:15;"https://www.meetup.com/DenverRUG/";4,63;"open";3;1068;39,7700004577637;-105,01000213623;"2010"
"22";"US";"Iselin";"NewJerseyR";"Members";"NewJerseyR";2010-08-25 17:31:24;"https://www.meetup.com/NewJerseyR/";4,83;"open";3;263;40,5699996948242;-74,3099975585938;"2010"
"23";"NL";"Amsterdam";"amst-R-dam";"AmstRdamers";"amst-R-dam";2010-09-09 23:50:11;"https://www.meetup.com/amst-R-dam/";4,56;"open";3;901;52,3699989318848;4,8899998664856;"2010"
"24";"CA";"Toronto";"Greater Toronto Area (GTA) R User's Group";"UseRs";"Greater-Toronto-Area-GTA-R-Users-Group";2010-10-07 20:36:56;"https://www.meetup.com/Greater-Toronto-Area-GTA-R-Users-Group/";4,45;"open";3;986;43,6599998474121;-79,3899993896484;"2010"
"25";"AU";"Hobart";"Hobart R Users Group";"Members";"Hobart-R-Users-Group";2010-10-25 23:08:13;"https://www.meetup.com/Hobart-R-Users-Group/";4,82;"open";2;267;-42,8499984741211;147,289993286133;"2010"
"26";"US";"Houston";"Houston R Users Group";"Members";"houstonr";2010-11-01 21:08:33;"https://www.meetup.com/houstonr/";4,8;"open";3;849;29,7199993133545;-95,2200012207031;"2010"
"27";"US";"Dayton";"CinDay RUG";"useRs";"CinDay-RUG";2010-11-10 21:06:57;"https://www.meetup.com/CinDay-RUG/";4,85;"open";3;193;39,7200012207031;-84,1900024414062;"2010"
"28";"CH";"Genève";"The Genève Data Analytics Group";"Data Professionals";"Geneva-Data-Analytics";2011-01-12 09:41:06;"https://www.meetup.com/Geneva-Data-Analytics/";4,33;"open";2;445;46,2099990844727;6,1399998664856;"2011"
"29";"US";"Saint Louis";"Saint Louis R User Group";"useRs";"Saint-Louis-RUG";2011-01-26 04:03:13;"https://www.meetup.com/Saint-Louis-RUG/";4,71;"open";3;521;38,6300010681152;-90,1900024414062;"2011"
"30";"US";"Minneapolis";"Twin Cities R User Group (TCRUG)";"useRs";"twincitiesrug";2011-01-26 06:33:27;"https://www.meetup.com/twincitiesrug/";4,74;"open";3;1108;44,9799995422363;-93,2699966430664;"2011"
"31";"DE";"Wiesbaden";"Wiesbaden R Users Group";"Mitglieder";"Wiesbaden-R-Users-Group";2011-01-28 10:52:53;"https://www.meetup.com/Wiesbaden-R-Users-Group/";4,98;"open";3;199;50,0800018310547;8,22999954223633;"2011"
"32";"US";"Chicago";"Chicago Big Data";"Members";"Chicago-Big-Data";2011-01-31 01:01:37;"https://www.meetup.com/Chicago-Big-Data/";4,61;"open";3;2626;41,8800010681152;-87,6399993896484;"2011"
"33";"CA";"Vancouver";"Vancouver R Users Group (data analysis / statistics)";"Vancouver useRs";"Vancouver-R-Users-Group-data-analysis-statistics";2011-02-09 22:23:18;"https://www.meetup.com/Vancouver-R-Users-Group-data-analysis-statistics/";4,81;"open";3;930;49,2700004577637;-123,120002746582;"2011"
"34";"US";"Boston";"Greater Boston useR Group (R Programming Language)";"Boston Area useRs";"Boston-useR";2011-02-10 16:44:25;"https://www.meetup.com/Boston-useR/";4,52;"open";3;2532;42,3400001525879;-71,0599975585938;"2011"
"35";"US";"Dallas";"Dallas R Users Group";"Members";"Dallas-R-Users-Group";2011-02-19 03:15:08;"https://www.meetup.com/Dallas-R-Users-Group/";4,7;"open";3;1373;32,9300003051758;-96,7900009155273;"2011"
"36";"CA";"Vancouver";"Vancouver Data Visualization";"Vizers";"Vancouver-Data-Visualization";2011-03-14 22:51:09;"https://www.meetup.com/Vancouver-Data-Visualization/";4,47;"open";3;2274;49,2799987792969;-123,110000610352;"2011"
"37";"US";"San Francisco";"Scala for Startups is merged into SF Scala";"Scala Startuppers";"Scala-for-Startups";2011-09-10 04:05:39;"https://www.meetup.com/Scala-for-Startups/";4,49;"closed";3;285;37,7700004577637;-122,400001525879;"2011"
"38";"US";"New Haven";"Connecticut R Users Group";"R users";"Conneticut-R-Users-Group";2011-09-15 18:29:45;"https://www.meetup.com/Conneticut-R-Users-Group/";4,84;"open";3;257;41,310001373291;-72,9199981689453;"2011"
"39";"DE";"Leipzig";"Leipzig R statistical computing";"Mitglieder";"Leipzig-R-statistical-computing";2011-10-22 19:51:02;"https://www.meetup.com/Leipzig-R-statistical-computing/";4,17;"open";3;147;51,3499984741211;12,3999996185303;"2011"
"40";"AT";"Vienna";"Vienna<-R";"MembeRs, R-Users, R-Developers";"ViennaR";2011-10-29 19:20:26;"https://www.meetup.com/ViennaR/";4,83;"approval";3;272;48,2200012207031;16,3700008392334;"2011"
"41";"IE";"Dublin";"Dublin R";"Members";"DublinR";2011-11-04 01:02:01;"https://www.meetup.com/DublinR/";4,65;"open";3;1686;53,3300018310547;-6,25;"2011"
"42";"GB";"Birmingham";"Birmingham R Users Meeting (BRUM)";"Members";"BirminghamR";2011-12-05 16:20:37;"https://www.meetup.com/BirminghamR/";4,81;"open";2;328;52,4799995422363;-1,89999997615814;"2011"
"43";"GB";"London";"Oracle Big Data 4 the Enterprise";"Orahoops";"Oracle-UK-BigData";2011-12-05 20:19:14;"https://www.meetup.com/Oracle-UK-BigData/";4,61;"open";3;274;51,5200004577637;-0,100000001490116;"2011"
"44";"BE";"Brussels";"RBelgium";"Members";"RBelgium";2011-12-19 14:53:05;"https://www.meetup.com/RBelgium/";4,54;"open";3;563;50,8300018310547;4,32999992370605;"2011"
"45";"US";"Austin";"Austin R User Group";"UseRs";"Austin-R-User-Group";2012-01-16 19:46:45;"https://www.meetup.com/Austin-R-User-Group/";4,65;"open";3;1095;30,2700004577637;-97,7399978637695;"2012"
"46";"US";"Independence";"Greater Cleveland R Group";"Members";"Cleveland-UseR-Group";2012-01-16 20:51:12;"https://www.meetup.com/Cleveland-UseR-Group/";4,88;"open";3;396;41,3800010681152;-81,6600036621094;"2012"
"47";"US";"East Lansing";"Lansing Area R Users Group";"Members";"Lansing-Area-R-Users-Group";2012-01-24 14:46:34;"https://www.meetup.com/Lansing-Area-R-Users-Group/";4,57;"open";3;129;42,75;-84,4700012207031;"2012"
"48";"US";"Fremont";"Big Data Science";"Data Scientists";"Big-Data-Science";2012-01-26 00:37:15;"https://www.meetup.com/Big-Data-Science/";4,31;"open";3;3931;37,5200004577637;-121,930000305176;"2012"
"49";"US";"Berkeley";"The Berkeley R Language Beginner Study Group";"R-Enthusiasts";"r-enthusiasts";2012-01-28 05:23:11;"https://www.meetup.com/r-enthusiasts/";4,64;"open";3;1387;37,8699989318848;-122,279998779297;"2012"
"50";"US";"Atlanta";"Atlanta R Users Group";"Atlanta R Users";"R-Users-Atlanta";2012-02-14 16:42:54;"https://www.meetup.com/R-Users-Atlanta/";4,56;"approval";3;675;33,9300003051758;-84,3899993896484;"2012"
"51";"US";"Huntsville";"Huntsville Big Data and Data Science Meetup";"Members";"Huntsville-Big-Data-Meetup";2012-02-18 02:03:51;"https://www.meetup.com/Huntsville-Big-Data-Meetup/";4,92;"open";3;290;34,6199989318848;-86,5500030517578;"2012"
"52";"US";"Cambridge";"The Data Scientist";"Data Scientists";"The-Data-Scientist";2012-02-22 15:57:08;"https://www.meetup.com/The-Data-Scientist/";4,49;"open";3;3842;42,3800010681152;-71,129997253418;"2012"
"53";"US";"Austin";"Austin Data Visualization";"Members";"Austin-Data-Visualization";2012-03-07 22:45:43;"https://www.meetup.com/Austin-Data-Visualization/";0;"open";3;257;30,3500003814697;-97,7300033569336;"2012"
"54";"CA";"Montréal";"Montreal R User Group";"UseRs";"Montreal-R-User-Group";2012-03-13 23:06:17;"https://www.meetup.com/Montreal-R-User-Group/";4,71;"open";3;1334;45,5299987792969;-73,5999984741211;"2012"
"55";"GB";"London";"Big Data Innovation World Meetup Tour";"Datanauts";"BigDataIWMT";2012-03-14 17:56:46;"https://www.meetup.com/BigDataIWMT/";4,07;"open";3;742;51,5200004577637;-0,100000001490116;"2012"
"56";"DE";"Berlin";"Data Science Berlin";"Data Scientists";"Data-Science-Berlin";2012-03-27 18:23:27;"https://www.meetup.com/Data-Science-Berlin/";0;"open";3;685;52,5200004577637;13,3800001144409;"2012"
"57";"AU";"Perth";"The Perth Data Science Meetup";"Data Scientists";"Perth-Data-Science";2012-03-29 00:56:24;"https://www.meetup.com/Perth-Data-Science/";4,83;"open";3;431;-31,9599990844727;115,839996337891;"2012"
"58";"DE";"Köln";"Köln R User Group";"Members";"KoelnRUG";2012-03-30 20:26:57;"https://www.meetup.com/KoelnRUG/";4,79;"open";3;540;50,9500007629395;6,96999979019165;"2012"
"59";"ZA";"Johannesburg";"Data Science Johannesburg";"Data Geeks";"Data-Science-Johannesburg";2012-04-26 12:10:51;"https://www.meetup.com/Data-Science-Johannesburg/";4,77;"open";3;405;-26,1900005340576;28,0400009155273;"2012"
"60";"US";"Chicago";"DataPotluck";"Luckies";"DataPotluck";2012-05-13 07:00:25;"https://www.meetup.com/DataPotluck/";4,93;"open";3;319;41,8800010681152;-87,6399993896484;"2012"
"61";"GB";"London";"Find a Tech Job";"Career Networkers";"Find-A-tech-Job-In-London";2012-05-24 15:20:04;"https://www.meetup.com/Find-A-tech-Job-In-London/";4,45;"approval";3;3995;51,5200004577637;-0,0799999982118607;"2012"
"62";"US";"Saint Louis";"St. Louis Machine Learning & Data Science";"members";"St-Louis-Machine-Learning";2012-07-17 09:52:06;"https://www.meetup.com/St-Louis-Machine-Learning/";4,51;"open";3;1132;38,5900001525879;-90,3000030517578;"2012"
"63";"SE";"Stockholm";"Stockholm R useR group (SRUG)";"useRs";"StockholmR";2012-07-23 12:07:57;"https://www.meetup.com/StockholmR/";4,64;"open";3;843;59,3300018310547;18,0699996948242;"2012"
"64";"US";"Denver";"Data Science & Business Analytics";"Members";"Data-Science-Business-Analytics";2012-08-08 22:21:02;"https://www.meetup.com/Data-Science-Business-Analytics/";4,46;"open";3;2154;39,7400016784668;-104,980003356934;"2012"
"65";"US";"San Antonio";"Alamo City R Users Group";"Members";"Alamo-City-R-Users-Group";2012-08-09 18:17:05;"https://www.meetup.com/Alamo-City-R-Users-Group/";4,9;"open";3;159;29,6700000762939;-98,5;"2012"
"66";"US";"Chicago";"Chicago Chapter American Statistical Association";"Statisticians";"Chicago-Chapter-American-Statistical-Association";2012-09-17 20:51:12;"https://www.meetup.com/Chicago-Chapter-American-Statistical-Association/";4,8;"open";2;535;41,8800010681152;-87,6399993896484;"2012"
"67";"US";"Mountain View";"H2O and Data Science!";"Hackers";"H2Omeetup";2012-09-18 00:38:07;"https://www.meetup.com/H2Omeetup/";4,69;"open";3;1795;37,4099998474121;-122,080001831055;"2012"
"68";"TW";"Taipei";"Taiwan R User Group / MLDM Monday";"Taiwan R User";"Taiwan-R";2012-09-28 19:12:21;"https://www.meetup.com/Taiwan-R/";4,75;"open";3;4171;25,0200004577637;121,449996948242;"2012"
"69";"US";"San Francisco";"R-Ladies San Francisco";"R-Ladies Bay Area";"rladies-san-francisco";2012-10-01 18:28:21;"https://www.meetup.com/rladies-san-francisco/";4,96;"open";3;768;37,7900009155273;-122,400001525879;"2012"
"70";"NL";"Amsterdam";"Data Science NL";"Members";"DataScienceNL";2012-10-02 14:10:15;"https://www.meetup.com/DataScienceNL/";4,45;"open";3;1584;52,3699989318848;4,8899998664856;"2012"
"71";"IN";"Delhi";"New Delhi  UseR Group (R Programming Language)";"useRs";"New-Delhi-R-UseR-Group";2012-10-21 20:33:42;"https://www.meetup.com/New-Delhi-R-UseR-Group/";3,97;"open";3;920;28,6700000762939;77,2099990844727;"2012"
"72";"US";"Orlando";"Orlando Data Science";"Data Fans";"orlandodata";2012-12-28 17:52:28;"https://www.meetup.com/orlandodata/";4,82;"open";3;664;28,5699996948242;-81,4000015258789;"2012"
"73";"US";"Northampton";"Western Mass Statistics and Data Science";"data scientists";"Pioneer-Valley-and-Five-College-R-Statistical-Meetup";2013-01-02 03:28:41;"https://www.meetup.com/Pioneer-Valley-and-Five-College-R-Statistical-Meetup/";4,88;"open";3;333;42,3300018310547;-72,6800003051758;"2013"
"74";"GB";"Manchester";"Manchester R user Group";"R users";"Manchester-R";2013-01-07 15:39:16;"https://www.meetup.com/Manchester-R/";4,72;"open";3;462;53,4700012207031;-2,24000000953674;"2013"
"75";"NZ";"Auckland";"Auckland R Users Group (AKLRUG)";"Members";"Auckland-R-Users-Group-AKLRUG";2013-01-08 23:37:33;"https://www.meetup.com/Auckland-R-Users-Group-AKLRUG/";4,57;"open";3;780;-36,8499984741211;174,759994506836;"2013"
"76";"US";"Palo Alto";"Silicon Valley Python Data Science";"Data Geeks";"sv-python-data-science";2013-01-17 08:20:01;"https://www.meetup.com/sv-python-data-science/";0;"open";3;504;37,439998626709;-122,150001525879;"2013"
"77";"GB";"London";"Data Science Lab";"Data Ninjas";"data-science-lab";2013-01-17 19:11:37;"https://www.meetup.com/data-science-lab/";4,57;"open";3;2226;51,5200004577637;-0,129999995231628;"2013"
"78";"CL";"Santiago";"Grupo de Usuarios de R en Chile";"usuaRios";"useRchile";2013-01-22 21:00:02;"https://www.meetup.com/useRchile/";4,9;"open";3;187;-33,4599990844727;-70,6399993896484;"2013"
"79";"US";"New York";"NYC Stats Programming Master Classes";"Data Scientists";"datascienceclasses";2013-01-25 23:26:23;"https://www.meetup.com/datascienceclasses/";4,52;"open";3;687;40,7400016784668;-74;"2013"
"80";"NZ";"Wellington";"Machine Learning & Data Science - Wellington";"Data Scientists";"machine-learning-data-science-WLG";2013-01-30 00:18:14;"https://www.meetup.com/machine-learning-data-science-WLG/";4,78;"open";3;310;-41,2799987792969;174,779998779297;"2013"
"81";"US";"Orange";"Future Chief Data Scientists in Orange County, CA";"Data Scientists";"Future-Chief-Data-Scientists-in-Orange-County-CA";2013-02-03 05:11:35;"https://www.meetup.com/Future-Chief-Data-Scientists-in-Orange-County-CA/";4,8;"open";3;704;33,7900009155273;-117,839996337891;"2013"
"82";"US";"Nashville";"Nashville R Users Group";"UseRs";"Nashville-R-Users-Group";2013-02-11 22:40:52;"https://www.meetup.com/Nashville-R-Users-Group/";4,81;"open";3;385;36,060001373291;-86,9599990844727;"2013"
"83";"US";"Indianapolis";"Data Science Indy";"Indy DS";"dsindy";2013-02-13 22:01:38;"https://www.meetup.com/dsindy/";4,81;"approval";3;572;39,7700004577637;-86,1600036621094;"2013"
"84";"US";"Santa Barbara";"Santa Barbara R Users Group";"Santa Barbara UseRs";"Santa-Barbara-R-Users-Group";2013-02-27 08:02:26;"https://www.meetup.com/Santa-Barbara-R-Users-Group/";4,92;"open";3;252;34,4199981689453;-119,709999084473;"2013"
"85";"US";"Cupertino";"Data Mining and Visualization: Newcomers to the field";"Data Wiz";"Data-Mining-and-Visualization-Newcomers-to-the-field";2013-02-27 22:20:19;"https://www.meetup.com/Data-Mining-and-Visualization-Newcomers-to-the-field/";4,62;"open";3;371;37,310001373291;-122,040000915527;"2013"
"86";"US";"San Francisco";"Druid";"Members";"druidio";2013-03-05 06:21:02;"https://www.meetup.com/druidio/";4,92;"open";3;703;37,7700004577637;-122,400001525879;"2013"
"87";"TR";"Ankara";"Turkish Community of R";"TR-useRs";"tcr-users";2013-03-08 15:28:53;"https://www.meetup.com/tcr-users/";0;"open";2;478;39,9300003051758;32,8499984741211;"2013"
"88";"BE";"Brussels";"MLGeek Brussels";"Members";"MLGeek-Brussels";2013-03-14 13:16:41;"https://www.meetup.com/MLGeek-Brussels/";4,9;"open";3;520;50,8300018310547;4,32999992370605;"2013"
"89";"US";"Cambridge";"Boston Data Mining";"Data Miners";"Boston-Data-Mining";2013-03-20 01:38:14;"https://www.meetup.com/Boston-Data-Mining/";4,66;"open";3;3695;42,3699989318848;-71,0899963378906;"2013"
"90";"FR";"Paris";"R Addicts Paris";"R Addicts";"rparis";2013-03-21 23:30:39;"https://www.meetup.com/rparis/";4,81;"open";3;1083;48,8600006103516;2,33999991416931;"2013"
"91";"US";"Pittsburgh";"Pittsburgh useR Group";"R users";"Pittsburgh-useR-Group";2013-03-26 02:31:35;"https://www.meetup.com/Pittsburgh-useR-Group/";4,85;"open";3;330;40,5299987792969;-79,879997253418;"2013"
"92";"GB";"Sheffield";"SheffieldR - Sheffield R Users Group";"R users";"SheffieldR-Sheffield-R-Users-Group";2013-03-28 11:58:33;"https://www.meetup.com/SheffieldR-Sheffield-R-Users-Group/";4,78;"open";3;298;53,3800010681152;-1,48000001907349;"2013"
"93";"US";"Knoxville";"Knoxville R Users Group (KRUG)";"KRUGers";"Knoxville-R-Users-Group";2013-03-28 18:14:01;"https://www.meetup.com/Knoxville-R-Users-Group/";4,5;"open";3;189;35,9599990844727;-83,9400024414062;"2013"
"94";"US";"Mountain View";"Silicon Valley Big Data Science";"Makers";"Silicon-Valley-Big-Data-Science";2013-03-28 21:07:36;"https://www.meetup.com/Silicon-Valley-Big-Data-Science/";4,68;"open";3;6029;37,4099998474121;-122,080001831055;"2013"
"95";"US";"San Francisco";"San Francisco Big Data Science";"Makers";"San-Francisco-Big-Data-Science";2013-04-04 23:02:21;"https://www.meetup.com/San-Francisco-Big-Data-Science/";4,64;"open";3;2608;37,7900009155273;-122,400001525879;"2013"
"96";"US";"Sunnyvale";"Big Data Gods";"Big Data Gods";"Big-Data-Gods";2013-04-08 18:06:36;"https://www.meetup.com/Big-Data-Gods/";4,77;"open";3;1003;37,3699989318848;-122,029998779297;"2013"
"97";"US";"New York";"NY Data Wizards";"Data Wizards";"NYData";2013-04-08 19:35:24;"https://www.meetup.com/NYData/";4,81;"open";3;1709;40,7299995422363;-73,9899978637695;"2013"
"98";"US";"Gainesville";"R Users Group, Gainesville, FL";"Members";"R-Users-Group-Gainesville-FL";2013-05-22 19:08:18;"https://www.meetup.com/R-Users-Group-Gainesville-FL/";4,62;"open";3;320;29,6499996185303;-82,3000030517578;"2013"
"99";"US";"Hopkinton";"Data Visualization in MetroWest Boston";"Visualistas";"Data-Visualization-in-MetroWest-Boston";2013-05-28 23:22:51;"https://www.meetup.com/Data-Visualization-in-MetroWest-Boston/";5;"open";3;184;42,2200012207031;-71,5299987792969;"2013"
"100";"US";"Bozeman";"Bozeman Area R useR Group";"useRs";"Bozeman-useR-Group-R-Programming-Language";2013-05-30 20:45:36;"https://www.meetup.com/Bozeman-useR-Group-R-Programming-Language/";0;"open";3;116;45,6699981689453;-111,059997558594;"2013"
"101";"US";"San Francisco";"Data Hackers: San Francisco";"Data Hackers";"datahackers";2013-05-30 22:22:16;"https://www.meetup.com/datahackers/";4;"open";3;815;37,7700004577637;-122,410003662109;"2013"
"102";"US";"Birmingham";"Detroit useR Group (R Programming Language)";"DetroiteRs";"Detroit-useR-Group-R-Programming-Language";2013-06-19 12:37:49;"https://www.meetup.com/Detroit-useR-Group-R-Programming-Language/";0;"open";3;210;42,5400009155273;-83,2099990844727;"2013"
"103";"US";"Kansas City";"Data Science KC";"Data Scientists";"Data-Science-KC";2013-06-21 17:44:54;"https://www.meetup.com/Data-Science-KC/";4,79;"open";3;1061;39,060001373291;-94,7200012207031;"2013"
"104";"IE";"Cork";"Cork Big Data & Analytics Group";"Data & analytics people";"Cork-Big-Data-Analytics-Group";2013-06-24 18:04:29;"https://www.meetup.com/Cork-Big-Data-Analytics-Group/";4,59;"open";3;653;51,9000015258789;-8,47000026702881;"2013"
"105";"US";"Austin";"ATX Data Science";"Data Scientists";"ATX-Data-Science";2013-06-24 19:00:07;"https://www.meetup.com/ATX-Data-Science/";4,5;"open";3;667;30,2700004577637;-97,7399978637695;"2013"
"106";"US";"Seattle";"Seattle Data Geeks";"Data Geeks";"seattle-data-geeks";2013-06-24 21:14:26;"https://www.meetup.com/seattle-data-geeks/";4,91;"open";3;2002;47,6100006103516;-122,330001831055;"2013"
"107";"US";"Indianapolis";"Indy useR Group";"useR";"Indy-useR-Group";2013-06-28 09:44:52;"https://www.meetup.com/Indy-useR-Group/";4,4;"open";3;302;39,7900009155273;-86,1600036621094;"2013"
"108";"US";"Mountain View";"Silicon Valley Data Science Journal Club";"Members";"Silicon-Valley-Data-Science-Journal-Club";2013-07-01 19:41:58;"https://www.meetup.com/Silicon-Valley-Data-Science-Journal-Club/";4,81;"open";3;911;37,3800010681152;-122,080001831055;"2013"
"109";"US";"Detroit";"Data+Visualization Detroit";"Data Rockstars";"Data-Visualization-Detroit";2013-07-28 16:58:46;"https://www.meetup.com/Data-Visualization-Detroit/";4,67;"open";3;647;42,3300018310547;-83,0500030517578;"2013"
"110";"AU";"Melbourne";"Statistical Society of Australia Victorian Branch";"Statisticians";"Statistical-Society-of-Australia-Victorian-Branch";2013-07-30 01:59:17;"https://www.meetup.com/Statistical-Society-of-Australia-Victorian-Branch/";4,75;"open";3;1050;-37,810001373291;144,960006713867;"2013"
"111";"US";"Burlington";"Burlington Data Scientists";"Data-ists";"Burlington-Data-Scientists";2013-07-31 20:30:18;"https://www.meetup.com/Burlington-Data-Scientists/";4,67;"open";3;382;44,4900016784668;-73,2300033569336;"2013"
"112";"US";"New York";"NYC Julia User Group";"Julians";"julia-nyc";2013-08-08 16:28:19;"https://www.meetup.com/julia-nyc/";5;"open";3;600;40,7099990844727;-74,0100021362305;"2013"
"113";"HU";"Budapest";"Budapest Users of R Network";"useRs";"Budapest-Users-of-R-Network";2013-08-11 12:24:39;"https://www.meetup.com/Budapest-Users-of-R-Network/";4,87;"open";3;837;47,5099983215332;19,0799999237061;"2013"
"114";"PH";"Manila";"R Users Group - Philippines";"R users";"R-Users-Group-Philippines";2013-08-20 10:04:00;"https://www.meetup.com/R-Users-Group-Philippines/";4,59;"open";3;438;14,6199998855591;120,970001220703;"2013"
"115";"US";"New York";"New York R User Group";"R Users and Data Scientists";"New-York-R-Users-Group";2013-08-24 02:38:04;"https://www.meetup.com/New-York-R-Users-Group/";4,47;"open";3;834;40,7599983215332;-73,9899978637695;"2013"
"116";"EG";"Cairo";"Cairo Bioinformatics Group";"Bioinformaticians";"Cairo-Bioinformatics-Group";2013-08-29 21:25:06;"https://www.meetup.com/Cairo-Bioinformatics-Group/";0;"approval";3;57;30,0599994659424;31,25;"2013"
"117";"DK";"Copenhagen";"CopenhagenR - useR Group";"useRs";"CopenhagenR-useR-Group";2013-09-03 19:20:53;"https://www.meetup.com/CopenhagenR-useR-Group/";4,66;"open";3;736;55,6800003051758;12,5699996948242;"2013"
"118";"NZ";"Wellington";"Wellington R Users Group (WRUG)";"R enthusiasts";"Wellington-R-Users-Group-WRUG";2013-09-05 00:11:56;"https://www.meetup.com/Wellington-R-Users-Group-WRUG/";4,64;"open";3;200;-41,2799987792969;174,779998779297;"2013"
"119";"US";"Cambridge";"BOSTON #ODSC";"data innovators";"open-source-data-science";2013-09-09 22:14:14;"https://www.meetup.com/open-source-data-science/";4,83;"open";3;822;42,3699989318848;-71,0899963378906;"2013"
"120";"IN";"Hyderabad";"R Users Group Hyderabad(RUGH)";"RUsers";"R-Users-Group-Hyderabad";2013-09-15 16:00:41;"https://www.meetup.com/R-Users-Group-Hyderabad/";0;"open";3;436;17,3999996185303;78,4800033569336;"2013"
"121";"IN";"Mumbai";"mumbai-r-user-group";"MumbaiR";"mumbai-r-user-group";2013-09-15 16:36:14;"https://www.meetup.com/mumbai-r-user-group/";4,52;"open";3;542;18,9599990844727;72,8199996948242;"2013"
"122";"CO";"Bogotá";"Bogotá R Users Group";"RUsers";"Bogota-R-Users-Group";2013-09-18 04:24:39;"https://www.meetup.com/Bogota-R-Users-Group/";4,72;"open";3;890;4,63000011444092;-74,0899963378906;"2013"
"123";"NG";"Offa";"Offa R Users Group";"Udokang, Emiola, Adeoye, Kabiru";"FEDPOFA-R-Users-Group";2013-09-20 11:18:27;"https://www.meetup.com/FEDPOFA-R-Users-Group/";5;"approval";3;116;8,14000034332275;4,71999979019165;"2013"
"124";"US";"Santa Monica";"DataVis LA";"datavis-ers";"Data-Visualization-Los-Angeles-Data-Science";2013-09-29 01:22:27;"https://www.meetup.com/Data-Visualization-Los-Angeles-Data-Science/";4,79;"open";3;845;34,0200004577637;-118,5;"2013"
"125";"CA";"North York";"GTA SAS Training Meetup Group";"Members";"GTA-SAS-Training-Meetup-Group";2013-09-30 00:33:24;"https://www.meetup.com/GTA-SAS-Training-Meetup-Group/";4,89;"approval";3;232;43,7599983215332;-79,4100036621094;"2013"
"126";"ES";"Barcelona";"RugBcn, Barcelona R users group";"R users";"RugBcn-Barcelona-R-users-group";2013-10-01 19:25:05;"https://www.meetup.com/RugBcn-Barcelona-R-users-group/";4,77;"open";3;485;41,4000015258789;2,17000007629395;"2013"
"127";"DE";"Berlin";"Berlin KNIME Users";"KNIMErs";"Berlin-KNIME-Users";2013-10-04 11:49:02;"https://www.meetup.com/Berlin-KNIME-Users/";4,8;"open";3;233;52,5200004577637;13,3800001144409;"2013"
"128";"US";"Chalfont";"Bucks County Data Science (DataBucks)";"Dataists";"DataBucks";2013-10-06 00:35:29;"https://www.meetup.com/DataBucks/";4,8;"open";3;105;40,2799987792969;-75,1999969482422;"2013"
"129";"US";"Brooklyn";"Urban Informatics Club by NYU CUSP";"Urban Data scientists";"nyucusp";2013-10-12 00:06:50;"https://www.meetup.com/nyucusp/";4,92;"approval";2;283;40,7000007629395;-73,9899978637695;"2013"
"130";"SN";"Dakar";"DakaR R User Group";"useRs";"DakaR-R-User-Group";2013-10-23 20:46:22;"https://www.meetup.com/DakaR-R-User-Group/";4,66;"approval";3;110;14,7200002670288;-17,4799995422363;"2013"
"131";"US";"New York";"Data Science for Traders, Quants, and Other Students of Risk";"Quant Traders";"dstraders";2013-11-01 17:14:04;"https://www.meetup.com/dstraders/";4,81;"open";3;2746;40,75;-73,9899978637695;"2013"
"132";"US";"Palo Alto";"Palo Alto Data Science Association";"Data Scientists";"Palo-Alto-Data-Science-Association";2013-11-07 00:00:39;"https://www.meetup.com/Palo-Alto-Data-Science-Association/";4,79;"open";3;2546;37,439998626709;-122,150001525879;"2013"
"133";"US";"Redmond";"Data Science Dojo";"Members";"data-science-dojo";2013-11-09 02:51:57;"https://www.meetup.com/data-science-dojo/";4,71;"open";3;1803;47,6800003051758;-122,120002746582;"2013"
"134";"US";"Irvine";"TBDI - Big Data, Hadoop, Data Science & Advanced A";"Big Data Evangelists";"Big-Data-Analytics-and-Data-Science-in-So-California";2013-11-13 20:00:44;"https://www.meetup.com/Big-Data-Analytics-and-Data-Science-in-So-California/";4,68;"open";3;501;33,6500015258789;-117,819999694824;"2013"
"135";"US";"Westlake Village";"Westlake Village Data Science Meetup";"Data Enthusiasts";"Westlake-Village-Data-Science-Meetup";2013-11-14 03:44:41;"https://www.meetup.com/Westlake-Village-Data-Science-Meetup/";4,73;"open";3;710;34,1500015258789;-118,849998474121;"2013"
"136";"FR";"Lyon";"RLyon";"utilisateurs de R";"R-Lyon";2013-11-19 09:39:10;"https://www.meetup.com/R-Lyon/";4,83;"open";3;114;45,7599983215332;4,82999992370605;"2013"
"137";"GB";"London";"KNIME User Group UK";"KNIMErs";"KNIME-User-Group-UK";2013-11-29 16:12:45;"https://www.meetup.com/KNIME-User-Group-UK/";4,55;"open";3;157;51,5800018310547;-0,159999996423721;"2013"
"138";"US";"Kansas City";"Kansas City R Users Group";"R programmers";"Kansas-City-R-Users-Group";2013-12-02 21:21:51;"https://www.meetup.com/Kansas-City-R-Users-Group/";4,86;"open";3;477;39,0800018310547;-94,5800018310547;"2013"
"139";"US";"Charlotte";"Charlotte R Users Group";"R Programmers";"Charlotte-R-Users-Group";2013-12-17 05:07:51;"https://www.meetup.com/Charlotte-R-Users-Group/";4,8;"open";3;469;35,2299995422363;-80,8399963378906;"2013"
"140";"US";"New York";"NYC Data Wranglers";"Data Scientists";"NYC-Data-Wranglers";2014-01-03 19:22:05;"https://www.meetup.com/NYC-Data-Wranglers/";4,83;"open";3;2668;40,7299995422363;-73,9899978637695;"2014"
"141";"US";"Madison";"MadR - Madison R Programming UseRs Group";"UseRs";"MadR-Madison-R-Programming-UseRs-Group";2014-01-10 15:04:45;"https://www.meetup.com/MadR-Madison-R-Programming-UseRs-Group/";4,83;"open";3;454;43,0800018310547;-89,379997253418;"2014"
"142";"GB";"Exeter";"Exeter R Users Group (Exeter, Devon, England)";"R Users";"Exeter-R-Users-Group-Exeter-Devon-England";2014-01-14 11:31:04;"https://www.meetup.com/Exeter-R-Users-Group-Exeter-Devon-England/";4,66;"open";3;164;50,7299995422363;-3,52999997138977;"2014"
"143";"US";"Washington";"Data Education DC";"Data Enthusiasts";"Data-Education-DC";2014-01-16 03:12:29;"https://www.meetup.com/Data-Education-DC/";4,69;"open";3;2338;38,9199981689453;-77,0400009155273;"2014"
"144";"US";"Bensalem";"R <-Gang: R Programming & Statistical Computing Meetup";"R enthusiasts";"R-Gang-R-Programming-Statistical-Computing-Meetup";2014-01-25 22:16:33;"https://www.meetup.com/R-Gang-R-Programming-Statistical-Computing-Meetup/";4,97;"open";3;193;40,0999984741211;-74,9300003051758;"2014"
"145";"MX";"México City";"The México City R Users Group";"The México city R users group";"The-Mexico-City-R-Users-Group";2014-02-06 00:50:17;"https://www.meetup.com/The-Mexico-City-R-Users-Group/";5;"open";3;139;19,4300003051758;-99,1399993896484;"2014"
"146";"CA";"Mississauga";"Mississauga Big Data Analytics Meetup";"Data Explorers";"Mississauga-Big-Data-Analytics-Meetup";2014-02-12 01:33:31;"https://www.meetup.com/Mississauga-Big-Data-Analytics-Meetup/";4,74;"open";3;404;43,5900001525879;-79,6399993896484;"2014"
"147";"US";"Salt Lake City";"Salt Lake City Data Science";"Data Scientists";"Salt-Lake-City-Data-Science";2014-02-21 17:41:14;"https://www.meetup.com/Salt-Lake-City-Data-Science/";5;"open";3;342;40,7900009155273;-111,930000305176;"2014"
"148";"JP";"Tokyo";"Big Data Visualization Tokyo";"Data visualist";"Big-Data-Visualization-Tokyo";2014-02-21 17:57:00;"https://www.meetup.com/Big-Data-Visualization-Tokyo/";0;"open";3;254;35,6699981689453;139,770004272461;"2014"
"149";"FR";"Paris";"Kaggle Paris Meetup";"Kagglers";"Kaggle-Paris-Meetup";2014-03-07 21:30:57;"https://www.meetup.com/Kaggle-Paris-Meetup/";4,69;"open";3;661;48,8600006103516;2,33999991416931;"2014"
"150";"US";"Columbus";"Columbus useR Group";"R users";"Columbus-useR-Group";2014-03-17 14:24:52;"https://www.meetup.com/Columbus-useR-Group/";4,75;"open";3;147;39,939998626709;-82,9800033569336;"2014"
"151";"TR";"Istanbul";"Istanbul KNIME Users";"KNIMErs";"Istanbul-KNIME-Users";2014-03-17 19:13:33;"https://www.meetup.com/Istanbul-KNIME-Users/";5;"open";3;192;41,0099983215332;28,9599990844727;"2014"
"152";"US";"Albany";"Albany R Users Group";"useRs";"Albany-R-Users-Group";2014-03-20 18:27:02;"https://www.meetup.com/Albany-R-Users-Group/";5;"open";3;210;42,6500015258789;-73,8099975585938;"2014"
"153";"DK";"Århus";"Practical Data Science and Big Data";"Data Ninjas";"datasciencedk";2014-03-29 13:49:03;"https://www.meetup.com/datasciencedk/";0;"open";3;215;56,1599998474121;10,210000038147;"2014"
"154";"ES";"Barcelona";"Grup d'estudi de machine learning de Barcelona";"Armed Bandits";"Grup-destudi-de-machine-learning-de-Barcelona";2014-04-11 18:27:08;"https://www.meetup.com/Grup-destudi-de-machine-learning-de-Barcelona/";4,68;"open";3;1118;41,4000015258789;2,17000007629395;"2014"
"155";"US";"New York";"Bayesian Data Analysis";"Bayesians";"bda-group";2014-04-22 06:00:39;"https://www.meetup.com/bda-group/";4,91;"open";3;960;40,810001373291;-73,9499969482422;"2014"
"156";"IN";"Hyderabad";"Hyderabad Analytics and Business Transformation";"Members";"analyticsandbusiness";2014-04-22 16:07:20;"https://www.meetup.com/analyticsandbusiness/";3,5;"open";3;269;17,3999996185303;78,4800033569336;"2014"
"157";"US";"Tempe";"Arizona SQL Server User Group";"SQL Server Professionals";"Arizona-SQL-Server-User-Group";2014-05-13 23:33:46;"https://www.meetup.com/Arizona-SQL-Server-User-Group/";4,86;"open";3;596;33,4199981689453;-111,930000305176;"2014"
"158";"US";"Salt Lake City";"Analyze Utah";"Data Geeks";"Analyze-Utah";2014-05-17 03:17:33;"https://www.meetup.com/Analyze-Utah/";0;"open";3;45;40,7599983215332;-111,900001525879;"2014"
"159";"IN";"Delhi";"Delhi R Users Group Meetup";"Members";"Delhi-R-Users-Group-Meetup";2014-05-22 19:41:51;"https://www.meetup.com/Delhi-R-Users-Group-Meetup/";0;"open";2;49;28,6700000762939;77,2099990844727;"2014"
"160";"IN";"Chennai";"R Users Group Chennai";"Hacke'R's";"R-Users-Group-Chennai";2014-05-25 21:14:44;"https://www.meetup.com/R-Users-Group-Chennai/";4,84;"approval";3;343;13,0900001525879;80,2699966430664;"2014"
"161";"US";"Ann Arbor";"Ann Arbor R User Group";"useRs";"Ann-Arbor-R-User-Group";2014-05-26 02:04:42;"https://www.meetup.com/Ann-Arbor-R-User-Group/";4,76;"open";3;460;42,2599983215332;-83,7200012207031;"2014"
"162";"IN";"Bhavnagar";"Bhavnagar Data Analysis Meetup";"Data Scientists";"Bhavnagar-Data-Analysis-Meetup";2014-06-15 10:54:28;"https://www.meetup.com/Bhavnagar-Data-Analysis-Meetup/";0;"open";2;16;21,7900009155273;72,129997253418;"2014"
"163";"RU";"Moscow";"rMoscow";"MembeRs";"rMoscow";2014-06-16 08:36:32;"https://www.meetup.com/rMoscow/";5;"open";3;333;55,75;37,6199989318848;"2014"
"164";"AU";"Perth";"Western Australia R Group (WARG)";"Wargs";"Western-Australia-R-Group-WARG";2014-06-27 04:00:06;"https://www.meetup.com/Western-Australia-R-Group-WARG/";4,75;"open";3;151;-31,9599990844727;115,839996337891;"2014"
"165";"US";"Chicago";"Chicago Cloud Foundry User Group";"Members";"Chicago-Cloud-Foundry-User-Group";2014-06-30 16:34:24;"https://www.meetup.com/Chicago-Cloud-Foundry-User-Group/";4,77;"open";3;779;41,8800010681152;-87,6399993896484;"2014"
"166";"FR";"Strasbourg";"StatsRbourg";"StraβuseR";"StatsRbourg";2014-07-04 00:44:29;"https://www.meetup.com/StatsRbourg/";5;"open";3;67;48,5800018310547;7,75;"2014"
"167";"CA";"Victoria";"Victoria Data Science / R User Group";"Victoria Data Scientists";"Victoria-Data-Scientists";2014-07-05 03:32:03;"https://www.meetup.com/Victoria-Data-Scientists/";4,93;"approval";3;50;48,4500007629395;-123,5;"2014"
"168";"US";"Las Vegas";"Las Vegas R Users Group";"R-UseRs";"Las-Vegas-R-Users-Group";2014-07-10 19:10:11;"https://www.meetup.com/Las-Vegas-R-Users-Group/";4,63;"open";3;290;36,0900001525879;-115,139999389648;"2014"
"169";"US";"Northbrook";"The Data Scientist-Chicago";"Data Scientists";"The-Data-Scientist_Chicago";2014-07-18 22:56:04;"https://www.meetup.com/The-Data-Scientist_Chicago/";4,92;"open";3;632;42,1300010681152;-87,8399963378906;"2014"
"170";"US";"Oakland";"Bay Area entrepreneurs in statistics";"Statistics lovers";"Bay-Area-entrepreneur-in-statistics";2014-07-21 02:50:01;"https://www.meetup.com/Bay-Area-entrepreneur-in-statistics/";4,82;"open";3;968;37,8400001525879;-122,220001220703;"2014"
"171";"IN";"Hyderabad";"Predictive Modellers - Workshop";"Predictive Modellers";"Predictive-Modellers-Meetup";2014-07-21 10:14:32;"https://www.meetup.com/Predictive-Modellers-Meetup/";5;"open";3;247;17,3999996185303;78,4800033569336;"2014"
"172";"US";"San Francisco";"The Data Scientist - San Francisco";"Data Scientists";"The-Data-Scientist_San-Francisco";2014-07-22 16:53:58;"https://www.meetup.com/The-Data-Scientist_San-Francisco/";0;"open";3;885;37,7900009155273;-122,400001525879;"2014"
"173";"FR";"Mulhouse";"Mulhouse Machine Learning Meetup";"Machine Learners";"Mulhouse-Machine-Learning-Meetup";2014-07-25 23:14:42;"https://www.meetup.com/Mulhouse-Machine-Learning-Meetup/";0;"open";3;55;47,7599983215332;7,34000015258789;"2014"
"174";"IN";"Indore";"Indore Hadoop User Group";"iHUG's";"Indore-Hadoop-User-Group";2014-08-01 05:00:23;"https://www.meetup.com/Indore-Hadoop-User-Group/";0;"open";2;156;22,7199993133545;75,8600006103516;"2014"
"175";"US";"Charlottesville";"UVa R Users Group";"UseRs";"UVa-R-Users-Group";2014-08-04 16:50:31;"https://www.meetup.com/UVa-R-Users-Group/";4,93;"open";3;382;38;-78,4700012207031;"2014"
"176";"ES";"Madrid";"Machine Learning Spain";"Machine Learners";"MachineLearningSpain";2014-08-20 14:34:42;"https://www.meetup.com/MachineLearningSpain/";4,58;"open";3;1921;40,4199981689453;-3,71000003814697;"2014"
"177";"BR";"São Paulo";"São Paulo Julia Meetup";"Data Scientist";"Sao-Paulo-Julia-Meetup";2014-08-22 16:28:41;"https://www.meetup.com/Sao-Paulo-Julia-Meetup/";0;"open";3;353;-23,5300006866455;-46,6300010681152;"2014"
"178";"GB";"Bristol";"Bristol Data Scientists";"Data Scientists";"Bristol-Data-Scientists";2014-08-26 14:29:24;"https://www.meetup.com/Bristol-Data-Scientists/";4,69;"open";3;574;51,4500007629395;-2,59999990463257;"2014"
"179";"KE";"Nairobi";"R Users Group Kenya (RUGK)";"Statisticians";"R-Users-Group-Kenya-RUGK";2014-08-29 09:47:40;"https://www.meetup.com/R-Users-Group-Kenya-RUGK/";0;"open";3;39;-1,28999996185303;36,8199996948242;"2014"
"180";"US";"Providence";"Narragansett Bay Area R Users";"useRs";"Narragansett-Bay-Area-R-Users";2014-09-08 18:22:53;"https://www.meetup.com/Narragansett-Bay-Area-R-Users/";0;"open";3;47;41,8400001525879;-71,4000015258789;"2014"
"181";"MX";"Tecate";"Tecate BC México R Users Group Meetup";"Estudiantes y Profesores";"Tecate-BC-Mexico-R-Users-Group-Meetup";2014-09-11 06:02:58;"https://www.meetup.com/Tecate-BC-Mexico-R-Users-Group-Meetup/";0;"open";3;7;32,5699996948242;-116,629997253418;"2014"
"182";"CN";"Xiamen";"XMU-R";"XMU-R";"RGROUP";2014-09-11 17:46:21;"https://www.meetup.com/RGROUP/";5;"open";3;94;24,4500007629395;118,080001831055;"2014"
"183";"PH";"Cebu";"Cebu R Users Group (CRUG)";"useRs";"Cebu-R-Users-Group-CRUG";2014-09-17 20:46:31;"https://www.meetup.com/Cebu-R-Users-Group-CRUG/";5;"open";3;51;10,3199996948242;123,900001525879;"2014"
"184";"DE";"Hamburg";"Hamburg R User Group";"R users";"Hamburg-R-User-Group";2014-09-20 08:23:04;"https://www.meetup.com/Hamburg-R-User-Group/";4,89;"open";3;321;53,5499992370605;10;"2014"
"185";"US";"Spartanburg";"Upstate Data Analytics";"Data Scientists";"Upstate-Data-Analytics";2014-10-01 06:12:33;"https://www.meetup.com/Upstate-Data-Analytics/";4,9;"open";2;103;34,9300003051758;-81,9700012207031;"2014"
"186";"US";"Birmingham";"Bi[R]mingham R Meetup";"useRs";"Bi-R-mingham-R-Meetup";2014-10-01 16:00:09;"https://www.meetup.com/Bi-R-mingham-R-Meetup/";4,42;"open";3;194;33,4599990844727;-86,8099975585938;"2014"
"187";"US";"Charleston";"Charleston Data Analytics";"Learners";"Charleston-Data-Analytics";2014-10-05 15:54:34;"https://www.meetup.com/Charleston-Data-Analytics/";5;"open";3;483;32,7200012207031;-79,9499969482422;"2014"
"188";"PL";"Warsaw";"Spotkania Entuzjastów R - Warsaw R Users Group Meetup";"Entuzjaści R";"Spotkania-Entuzjastow-R-Warsaw-R-Users-Group-Meetup";2014-10-06 09:30:30;"https://www.meetup.com/Spotkania-Entuzjastow-R-Warsaw-R-Users-Group-Meetup/";4,71;"open";3;1158;52,2599983215332;21,0200004577637;"2014"
"189";"PL";"Kraków";"Cracow R User Group - Spotkania Użytkowników R";"UseR";"Cracow-R-User-Group";2014-10-19 10:27:24;"https://www.meetup.com/Cracow-R-User-Group/";4,67;"open";2;415;50,060001373291;19,9599990844727;"2014"
"190";"IN";"Hyderabad";"Hyderabad BigData and Data Science Meetup";"technocrafts";"Hyderabad-BigData-and-Data-Science-Meetup";2014-10-26 14:09:52;"https://www.meetup.com/Hyderabad-BigData-and-Data-Science-Meetup/";0;"open";2;287;17,3999996185303;78,4800033569336;"2014"
"191";"GB";"Cambridge";"Cambridge R Users Group Meetup";"useRs";"Cambridge-R-Users-Group-Meetup";2014-10-28 09:00:03;"https://www.meetup.com/Cambridge-R-Users-Group-Meetup/";4,85;"open";3;315;52,1800003051758;0,140000000596046;"2014"
"192";"BR";"Campinas";"Campinas Julia Language Meetup";"Julia programmers";"Campinas-Julia-Language-Meetup";2014-11-06 14:15:44;"https://www.meetup.com/Campinas-Julia-Language-Meetup/";0;"open";3;55;-22,9099998474121;-47,0800018310547;"2014"
"193";"VN";"Ha Noi";"Ha Noi R Users Group Meetup";"Members";"Ha-Noi-R-Users-Group-Meetup";2014-11-13 18:37:43;"https://www.meetup.com/Ha-Noi-R-Users-Group-Meetup/";0;"open";3;146;21,0300006866455;105,839996337891;"2014"
"194";"US";"Springfield";"Central Illinois SAS® User Group Meetup";"Coders";"Central-Illinois-SAS-User-Group-Meetup";2014-11-14 21:13:08;"https://www.meetup.com/Central-Illinois-SAS-User-Group-Meetup/";0;"open";3;38;39,7999992370605;-89,6500015258789;"2014"
"195";"BR";"Campinas";"Campinas R Users Meetup";"Campinas R Users";"Campinas-R-Users-Meetup";2014-11-19 13:27:13;"https://www.meetup.com/Campinas-R-Users-Meetup/";4,67;"open";3;275;-22,9099998474121;-47,0800018310547;"2014"
"196";"IN";"Pune";"Pune  R users Meetup";"R-nauts";"Pune-R-junkies-Meetup";2014-11-30 05:32:49;"https://www.meetup.com/Pune-R-junkies-Meetup/";0;"open";3;134;18,5300006866455;73,8399963378906;"2014"
"197";"IN";"Kolkata";"Kolkata Data Science Meetup";"Knitters";"Kolkata-Data-Science-Meetup";2014-12-03 04:59:28;"https://www.meetup.com/Kolkata-Data-Science-Meetup/";0;"open";3;336;22,5699996948242;88,3600006103516;"2014"
"198";"MX";"México City";"México City Business Analytics Users Group";"data scientists";"Mexico-City-Business-Analytics-Users";2014-12-08 16:41:43;"https://www.meetup.com/Mexico-City-Business-Analytics-Users/";4,83;"open";3;942;19,4300003051758;-99,1399993896484;"2014"
"199";"US";"Huntington Beach";"Orange County R Users Group (OCRUG)";"Members";"OC-RUG";2014-12-17 08:20:07;"https://www.meetup.com/OC-RUG/";5;"approval";3;88;33,6800003051758;-118,01000213623;"2014"
"200";"GB";"Cardiff";"CaRdiff - the Cardiff R User Group";"CaRdiffians";"Cardiff-R-User-Group";2014-12-19 10:28:11;"https://www.meetup.com/Cardiff-R-User-Group/";4,55;"open";3;287;51,4799995422363;-3,1800000667572;"2014"
"201";"CO";"Cali";"Cali R Users Group (Cali)";"R Users";"R-Users-Group-Cali";2014-12-23 18:07:11;"https://www.meetup.com/R-Users-Group-Cali/";0;"open";3;208;3,42000007629395;-76,5100021362305;"2014"
"202";"CO";"Bogotá";"Bogotá R Users Group Meetup (Shiny data apps)";"Desarrolladores estadisticos";"Bogota-R-Users-Group-Meetup-Shiny-data-apps";2014-12-27 03:50:11;"https://www.meetup.com/Bogota-R-Users-Group-Meetup-Shiny-data-apps/";1;"open";3;101;4,63000011444092;-74,0899963378906;"2014"
"203";"DE";"Berlin";"Berlin R Users Group";"R users";"Berlin-R-Users-Group";2015-01-05 00:15:38;"https://www.meetup.com/Berlin-R-Users-Group/";4,64;"open";3;957;52,5200004577637;13,3800001144409;"2015"
"204";"US";"Reno";"Reno R Users";"R Users";"Reno-R-Users";2015-01-09 20:16:43;"https://www.meetup.com/Reno-R-Users/";0;"open";3;52;39,3800010681152;-119,75;"2015"
"205";"US";"Whittier";"R Project for Statistical Computing Meetup";"Members";"R-Project-for-Statistical-Computing-Meetup";2015-01-17 18:52:10;"https://www.meetup.com/R-Project-for-Statistical-Computing-Meetup/";0;"open";3;50;34,0099983215332;-118,029998779297;"2015"
"206";"DK";"Århus";"Rhus - useR group";"useRs";"Rhus-useR-group";2015-01-19 19:29:54;"https://www.meetup.com/Rhus-useR-group/";5;"open";3;155;56,1599998474121;10,210000038147;"2015"
"207";"US";"Chattanooga";"Data Science Chattanooga";"data scientists and analysts";"Chattanooga-Data-Science";2015-01-20 22:58:26;"https://www.meetup.com/Chattanooga-Data-Science/";5;"open";3;200;35,0400009155273;-85,3099975585938;"2015"
"208";"US";"Trenton";"Trenton R Users (TRU)";"R brigade";"TRUgroup";2015-01-27 16:05:07;"https://www.meetup.com/TRUgroup/";4,75;"open";2;293;40,2200012207031;-74,7600021362305;"2015"
"209";"US";"Honolulu";"Honolulu R Users Group";"Members";"Honolulu-R-Users-Group";2015-01-30 21:55:02;"https://www.meetup.com/Honolulu-R-Users-Group/";4,42;"approval";3;74;21,2800006866455;-157,820007324219;"2015"
"210";"US";"San Francisco";"Multithreaded Data";"members";"Multithreaded-Data";2015-02-05 17:15:52;"https://www.meetup.com/Multithreaded-Data/";4,97;"open";3;1238;37,7700004577637;-122,410003662109;"2015"
"211";"CA";"Toronto";"Toronto Data Literacy Group";"Data Explorers";"Toronto-Data-Literacy-Group";2015-02-07 18:36:38;"https://www.meetup.com/Toronto-Data-Literacy-Group/";4,84;"open";3;689;43,6699981689453;-79,379997253418;"2015"
"212";"NO";"Oslo";"Oslo useR! Group";"Members";"Oslo-useR-Group";2015-02-11 16:54:07;"https://www.meetup.com/Oslo-useR-Group/";4,63;"open";3;318;59,9099998474121;10,75;"2015"
"213";"BJ";"Cotonou";"Cotonou R Users Group Meetup";"Utilisateurs de R";"Cotonou-R-Users-Group-Meetup";2015-02-13 10:15:06;"https://www.meetup.com/Cotonou-R-Users-Group-Meetup/";0;"open";3;50;6,3600001335144;2,44000005722046;"2015"
"214";"IN";"Bangalore";"Analytics Meetup";"Members";"Analytics-Meetup";2015-02-15 13:38:15;"https://www.meetup.com/Analytics-Meetup/";4;"open";3;179;12,9700002670288;77,5599975585938;"2015"
"215";"ES";"Madrid";"Grupo de Usuarios de R de Madrid";"eRReRos";"Grupo-de-Usuarios-de-R-de-Madrid";2015-02-20 14:16:00;"https://www.meetup.com/Grupo-de-Usuarios-de-R-de-Madrid/";4,66;"open";3;1046;40,4199981689453;-3,71000003814697;"2015"
"216";"NL";"Rotterdam";"Data Science Rotterdam";"Data Scientists";"Data-Science-Rdm";2015-03-07 20:30:45;"https://www.meetup.com/Data-Science-Rdm/";4,86;"open";3;366;51,9300003051758;4,48000001907349;"2015"
"217";"US";"Charlottesville";"COS: Reproducible Research Workshops";"Attendees";"COS-Statistical-and-Methodological-Consulting";2015-03-09 14:17:22;"https://www.meetup.com/COS-Statistical-and-Methodological-Consulting/";0;"open";3;36;38,0400009155273;-78,5199966430664;"2015"
"218";"NL";"Delft";"Dutch Data Science Meetup Group";"Data Lovers";"Dutch-Data-Science-Meetup-Group";2015-03-09 16:46:36;"https://www.meetup.com/Dutch-Data-Science-Meetup-Group/";4,7;"open";3;909;52,0099983215332;4,3600001335144;"2015"
"219";"RU";"St. Petersburg";"St. Petersburg R User Group";"useRs";"St-Petersburg-R-User-Group";2015-03-11 16:12:29;"https://www.meetup.com/St-Petersburg-R-User-Group/";4,96;"open";3;242;59,9300003051758;30,3199996948242;"2015"
"220";"PL";"Wroclaw";"Data Science Wroclaw";"Members";"Data-Science-Wroclaw";2015-03-16 09:03:03;"https://www.meetup.com/Data-Science-Wroclaw/";4,75;"open";3;805;51,1100006103516;17,0300006866455;"2015"
"221";"CZ";"Prague";"Prague R Meetup Group";"Members";"Prague-R-Meetup-Group";2015-03-16 18:22:45;"https://www.meetup.com/Prague-R-Meetup-Group/";5;"open";3;407;50,0800018310547;14,4300003051758;"2015"
"222";"US";"Cambridge";"Cambridge Women BioInformatics Meetup";"minians";"Cambridge-woman-developers-in-bioinformatics";2015-03-27 22:37:15;"https://www.meetup.com/Cambridge-woman-developers-in-bioinformatics/";5;"open";3;286;42,3699989318848;-71,0999984741211;"2015"
"223";"US";"Spokane";"Inland Northwest R User Group (INRUG)";"R Explorers";"Inland-Northwest-R-User-Group-INRUG";2015-03-29 16:03:24;"https://www.meetup.com/Inland-Northwest-R-User-Group-INRUG/";5;"open";3;50;47,6300010681152;-117,389999389648;"2015"
"224";"US";"Minneapolis";"R Ladies - Twin Cities";"Rmateys";"RLadiesTC";2015-04-02 00:43:05;"https://www.meetup.com/RLadiesTC/";5;"open";3;121;44,939998626709;-93,2200012207031;"2015"
"225";"CA";"Vancouver";"Learn Data Science";"Data Scientists";"LearnDataScience";2015-04-04 09:38:36;"https://www.meetup.com/LearnDataScience/";4,88;"open";3;1172;49,2900009155273;-123,120002746582;"2015"
"226";"NL";"Nijmegen";"Nijmegen eveRybody";"Rtists";"Nijmegen-eveRybody";2015-04-11 09:29:24;"https://www.meetup.com/Nijmegen-eveRybody/";4,61;"open";3;192;51,8400001525879;5,84999990463257;"2015"
"227";"TH";"Chiang Mai";"Chiang Mai R Users Group";"R users";"ChiangMaiR";2015-04-14 04:28:11;"https://www.meetup.com/ChiangMaiR/";0;"open";3;47;18,7999992370605;98,9800033569336;"2015"
"228";"CA";"Calgary";"Calgary R User Group";"R users";"Calgary-R-User-Group";2015-04-15 01:00:21;"https://www.meetup.com/Calgary-R-User-Group/";0;"open";3;106;51,060001373291;-114,050003051758;"2015"
"229";"GR";"Athens";"AthensR";"useRs";"AthensR";2015-04-16 11:01:24;"https://www.meetup.com/AthensR/";0;"open";3;136;37,9799995422363;23,7299995422363;"2015"
"230";"BR";"Florianópolis";"Florianópolis Data Science Meetup";"Data Scientists";"Florianopolis-Data-Science-Meetup";2015-04-16 20:23:06;"https://www.meetup.com/Florianopolis-Data-Science-Meetup/";4,71;"approval";3;478;-27,6000003814697;-48,5400009155273;"2015"
"231";"UA";"Kyiv";"Kyiv useR! Group";"R users";"Kyiv-useR-Group";2015-04-21 10:52:09;"https://www.meetup.com/Kyiv-useR-Group/";4,13;"open";3;406;50,439998626709;30,5200004577637;"2015"
"232";"US";"Atlanta";"Applied Data Science of Atlanta";"Data Scientists";"Applied-Data-Science-of-Atlanta";2015-04-26 19:49:34;"https://www.meetup.com/Applied-Data-Science-of-Atlanta/";4,5;"open";0;470;33,8600006103516;-84,4700012207031;"2015"
"233";"CZ";"Brno";"Data science & analytics Brno";"Dataheads";"dataheads";2015-04-27 12:02:40;"https://www.meetup.com/dataheads/";4,77;"open";3;412;49,2000007629395;16,6100006103516;"2015"
"234";"FR";"Paris";"France KNIME Users";"Members";"Paris-KNIME-Users";2015-04-27 14:18:08;"https://www.meetup.com/Paris-KNIME-Users/";0;"open";2;66;48,8600006103516;2,33999991416931;"2015"
"235";"UG";"Kampala";"Kampala R Users Group";"R-UseRs";"Kampala-R-Users-Group";2015-04-28 05:15:29;"https://www.meetup.com/Kampala-R-Users-Group/";0;"open";3;330;0,319999992847443;32,5800018310547;"2015"
"236";"TZ";"Dar es Salaam";"Dar Es Salaam R Users Group";"R-UseRs";"DarEs-Salaam-R-users";2015-04-30 08:08:21;"https://www.meetup.com/DarEs-Salaam-R-users/";0;"open";3;215;-6,82000017166138;39,2799987792969;"2015"
"237";"GH";"Accra";"Accra R Users Group";"R-UseRs";"Accra-R-Users-Group";2015-04-30 09:43:19;"https://www.meetup.com/Accra-R-Users-Group/";4,25;"open";3;478;5,55999994277954;-0,200000002980232;"2015"
"238";"NG";"Lagos";"Data Science Lagos";"Data Scientists";"Lagos-DataScience-Group";2015-04-30 10:17:54;"https://www.meetup.com/Lagos-DataScience-Group/";0;"open";3;566;6,44999980926514;3,47000002861023;"2015"
"239";"EG";"Cairo";"Cairo R Users Group";"R-UseRs";"Cairo-R-Users-Group";2015-04-30 10:37:13;"https://www.meetup.com/Cairo-R-Users-Group/";0;"open";3;685;30,0599994659424;31,25;"2015"
"240";"ZA";"Johannesburg";"Jo'burg R Users Group";"RUsers";"Joburg-R-Users-Group";2015-05-03 21:05:18;"https://www.meetup.com/Joburg-R-Users-Group/";4,86;"open";3;338;-26,1900005340576;28,0400009155273;"2015"
"241";"US";"Lubbock";"lubbockR Meetup";"hackeRs";"lubbockR-Meetup";2015-05-04 18:58:17;"https://www.meetup.com/lubbockR-Meetup/";5;"closed";0;83;33,5900001525879;-101,900001525879;"2015"
"242";"GR";"Pátrai";"Patra's R Users Group";"useRs";"Patras-R-Users-Group";2015-05-07 15:14:39;"https://www.meetup.com/Patras-R-Users-Group/";0;"open";3;70;38,2400016784668;21,7299995422363;"2015"
"243";"RU";"Kazan";"R Kazan";"useRs";"R-Kazan";2015-05-10 20:46:49;"https://www.meetup.com/R-Kazan/";0;"open";3;50;55,7900009155273;49,1699981689453;"2015"
"244";"MA";"Casablanca";"Casablanca R Users Group";"R-UseRs";"Casablanca-R-Users-Group";2015-05-11 08:58:06;"https://www.meetup.com/Casablanca-R-Users-Group/";0;"open";3;511;33,5299987792969;-7,57999992370605;"2015"
"245";"ZA";"Durban";"Durban R Users Group";"R-UseRs";"Durban-R-Users-Group";2015-05-11 10:33:08;"https://www.meetup.com/Durban-R-Users-Group/";4,5;"open";3;122;-29,8700008392334;30,9899997711182;"2015"
"246";"ZA";"Durban";"Open Data Durban Meetup";"ODDs and Ends";"Open-Data-Durban-Meetup";2015-05-18 15:35:17;"https://www.meetup.com/Open-Data-Durban-Meetup/";5;"open";3;295;-29,8700008392334;30,9899997711182;"2015"
"247";"BR";"São Paulo";"São Paulo R Users Group";"São Paulo R Users";"useR-SP";2015-05-31 00:43:02;"https://www.meetup.com/useR-SP/";4,74;"open";3;1685;-23,5300006866455;-46,6300010681152;"2015"
"248";"QA";"Doha";"Qatar Big Data and Data Science";"Members";"Qatar-Big-Data-and-Data-Science";2015-06-02 07:44:51;"https://www.meetup.com/Qatar-Big-Data-and-Data-Science/";0;"open";3;219;25,2999992370605;51,5099983215332;"2015"
"249";"AR";"La Plata";"Data Science La Plata";"data scientist";"Data-Science-La-Plata";2015-06-03 20:05:44;"https://www.meetup.com/Data-Science-La-Plata/";0;"open";3;59;-34,9199981689453;-57,9599990844727;"2015"
"250";"US";"Milwaukee";"Milwaukee R Meetup";"R Coders";"Milwaukee-R-Meetup";2015-06-05 22:34:17;"https://www.meetup.com/Milwaukee-R-Meetup/";4,67;"open";3;211;43,0400009155273;-87,9199981689453;"2015"
"251";"US";"San Francisco";"Spark Global Online Meetup";"Sparks";"spark-online";2015-06-07 02:30:44;"https://www.meetup.com/spark-online/";4,8;"open";3;1670;37,7799987792969;-122,419998168945;"2015"
"252";"AE";"Abu Dhabi";"United Arab Emirates (UAE) Data Scientists  Meetup";"Data Scientists";"United-Arab-Emirates-UAE-Data-Scientists-Meetup";2015-06-13 07:34:24;"https://www.meetup.com/United-Arab-Emirates-UAE-Data-Scientists-Meetup/";5;"open";3;621;24,4799995422363;54,3699989318848;"2015"
"253";"US";"Des Moines";"Central Iowa R User Group";"Central Iowa UseRs";"Central-Iowa-R-User-Group";2015-06-15 02:37:38;"https://www.meetup.com/Central-Iowa-R-User-Group/";4,1;"open";3;180;41,5999984741211;-93,629997253418;"2015"
"254";"FR";"Paris";"R'n Blue";"R'n Blue members";"Rn-Blue";2015-06-18 16:47:50;"https://www.meetup.com/Rn-Blue/";4,4;"open";3;327;48,8600006103516;2,33999991416931;"2015"
"255";"FR";"Paris";"Datascience in Finance, Paris";"FIScientists";"Datascience-in-Finance-Paris";2015-06-23 05:21:00;"https://www.meetup.com/Datascience-in-Finance-Paris/";4,05;"approval";3;469;48,8600006103516;2,33999991416931;"2015"
"256";"US";"San Francisco";"San Francisco Data Science #ODSC";"Data Scientists";"San-Francisco-ODSC";2015-06-26 22:21:08;"https://www.meetup.com/San-Francisco-ODSC/";4,78;"open";3;1721;37,7799987792969;-122,419998168945;"2015"
"257";"VE";"Caracas";"Rven - Grupo de usuarios R de Venezuela";"Rmaniacs";"R-usersVEN";2015-06-28 19:51:43;"https://www.meetup.com/R-usersVEN/";4,78;"open";3;332;10,539999961853;-66,9300003051758;"2015"
"258";"US";"New York";"New York Data Science #ODSC";"Data Scientists";"New-York-ODSC";2015-06-29 16:45:21;"https://www.meetup.com/New-York-ODSC/";4,76;"open";3;1908;40,7200012207031;-74;"2015"
"259";"GB";"London";"London Data Science #ODSC";"Data Scientists";"London-ODSC";2015-06-29 17:51:24;"https://www.meetup.com/London-ODSC/";4,71;"open";3;2012;51,5200004577637;-0,100000001490116;"2015"
"260";"IE";"Cork";"Cork (Ireland) R-Users Group";"R-Users";"Cork-Ireland-R-Users-Group";2015-07-01 13:52:12;"https://www.meetup.com/Cork-Ireland-R-Users-Group/";5;"open";3;242;51,9000015258789;-8,47000026702881;"2015"
"261";"BR";"Brasília";"Brasília UseR Meetup (Linguagem de Programação ""R"")";"UseRs";"Brasilia-UseR-Meetup";2015-07-05 17:33:45;"https://www.meetup.com/Brasilia-UseR-Meetup/";5;"open";3;277;-15,7799997329712;-47,9099998474121;"2015"
"262";"CA";"Toronto";"Toronto Apache Spark";"Spark Enthusiasts";"Toronto-Apache-Spark";2015-07-15 03:55:49;"https://www.meetup.com/Toronto-Apache-Spark/";4,69;"open";3;1678;43,7400016784668;-79,3600006103516;"2015"
"263";"PL";"Warsaw";"Warsaw Predictive Analytics User Group (WPAUG)";"Members";"Warsaw-Predictive-Analytics-User-Group-WPAUG";2015-07-15 09:12:11;"https://www.meetup.com/Warsaw-Predictive-Analytics-User-Group-WPAUG/";4,68;"open";3;456;52,2599983215332;21,0200004577637;"2015"
"264";"US";"Northbrook";"Chicago North West Suburbs R user group";"Members";"Chicago-North-West-Suburbs-R-user-group";2015-07-15 18:43:13;"https://www.meetup.com/Chicago-North-West-Suburbs-R-user-group/";0;"open";3;50;42,1300010681152;-87,8399963378906;"2015"
"265";"US";"Winston Salem";"Winston-Salem R Users Group";"Members";"Winston-Salem-R-Users-Group";2015-08-05 05:13:04;"https://www.meetup.com/Winston-Salem-R-Users-Group/";5;"open";3;70;36,0999984741211;-80,3199996948242;"2015"
"266";"MO";"Macao";"Macao R Language Beginner Study Group";"R Enthusiasts";"Macao-R-Learning-Meetup";2015-08-17 05:06:56;"https://www.meetup.com/Macao-R-Learning-Meetup/";0;"approval";3;46;22,2000007629395;113,540000915527;"2015"
"267";"MX";"Guadalajara";"Guadalajara R Users Group Meetup";"R users";"Guadalajara-R-Users-Group-Meetup";2015-08-17 19:44:16;"https://www.meetup.com/Guadalajara-R-Users-Group-Meetup/";5;"open";3;91;20,6700000762939;-103,349998474121;"2015"
"268";"RU";"Moscow";"Moscow Data Fest";"data scientists";"Moscow-Data-Fest";2015-08-24 10:35:52;"https://www.meetup.com/Moscow-Data-Fest/";4,79;"open";3;1073;55,75;37,6199989318848;"2015"
"269";"FI";"Helsinki";"R User Group Finland";"UseRs";"R-User-Group-Finland";2015-08-31 08:57:29;"https://www.meetup.com/R-User-Group-Finland/";5;"open";3;207;60,1699981689453;24,9400005340576;"2015"
"270";"US";"Cambridge";"Stan Users - Boston/Camberville";"Stanimals";"Stan-Users-Boston-Camberville";2015-09-02 17:54:10;"https://www.meetup.com/Stan-Users-Boston-Camberville/";0;"open";3;140;42,3800010681152;-71,129997253418;"2015"
"271";"US";"Fort Collins";"Fort Collins Data Science";"Scientists";"Fort-Collins-Data-Science";2015-09-02 23:56:07;"https://www.meetup.com/Fort-Collins-Data-Science/";5;"open";3;87;40,6399993896484;-105,050003051758;"2015"
"272";"US";"Chicago";"Data Science Workshop";"Future Data Scientists";"Data-Science-Workshop";2015-09-10 03:11:46;"https://www.meetup.com/Data-Science-Workshop/";4,67;"open";3;644;41,939998626709;-87,6500015258789;"2015"
"273";"GB";"Manchester";"ManchesterAnalytics";"Members";"ManchesterAnalytics";2015-09-10 13:39:41;"https://www.meetup.com/ManchesterAnalytics/";0;"open";2;135;53,4799995422363;-2,25;"2015"
"274";"US";"Atlanta";"ADP® Atlanta Data Science Meetup";"Members";"ADP-Atlanta-Data-Science-Meetup";2015-09-15 21:27:27;"https://www.meetup.com/ADP-Atlanta-Data-Science-Meetup/";4,89;"open";3;549;33,7700004577637;-84,379997253418;"2015"
"275";"AU";"Sydney";"Data Science Breakfast Meetup";"Eat Data For Breakfasters";"The-Sydney-Data-Science-Breakfast-Meetup-Group";2015-09-16 04:50:45;"https://www.meetup.com/The-Sydney-Data-Science-Breakfast-Meetup-Group/";4,84;"open";3;495;-33,8699989318848;151,210006713867;"2015"
"276";"US";"Greenville";"Greenville Data Science & Analytics Meetup";"Data Explorers";"Greenville-Data-Science-Analytics-Meetup";2015-09-16 22:46:35;"https://www.meetup.com/Greenville-Data-Science-Analytics-Meetup/";4,6;"open";3;294;34,8699989318848;-82,3099975585938;"2015"
"277";"US";"Notre Dame";"Michiana R Users Group";"R Users";"Michiana-R-Users-Group";2015-09-24 15:08:33;"https://www.meetup.com/Michiana-R-Users-Group/";0;"open";2;45;41,689998626709;-86,2399978637695;"2015"
"278";"PL";"Łódź";"Data Science Łódź";"Data Scientists";"Data-Science-Łodź";2015-10-04 16:24:01;"https://www.meetup.com/Data-Science-%C5%81od%C5%BA/";5;"open";3;260;51,7700004577637;19,4599990844727;"2015"
"279";"US";"Tiffin";"Tiffin Analytics Group (TAG)";"Data Scientists";"Tiffin-Analytics-Group-TAG";2015-10-04 21:36:53;"https://www.meetup.com/Tiffin-Analytics-Group-TAG/";0;"approval";3;13;41,1199989318848;-83,1800003051758;"2015"
"280";"PT";"Braga";"R@Minho";"Members";"R-Minho";2015-10-06 10:50:32;"https://www.meetup.com/R-Minho/";0;"open";3;26;41,5499992370605;-8,43000030517578;"2015"
"281";"TW";"Kaohsiung";"Kaohsiung Python Meetup";"Pythonista";"Kaohsiung-Python-Meetup";2015-10-10 00:40:45;"https://www.meetup.com/Kaohsiung-Python-Meetup/";4,75;"open";3;239;22,6299991607666;120,269996643066;"2015"
"282";"DE";"München";"Applied R Munich";"UseR";"Applied-R-Munich";2015-10-16 17:11:35;"https://www.meetup.com/Applied-R-Munich/";4,6;"open";3;577;48,1399993896484;11,5799999237061;"2015"
"283";"IN";"Pune";"Data Science Pune";"Data Scientist";"Data-Science-Pune";2015-11-04 06:59:44;"https://www.meetup.com/Data-Science-Pune/";0;"open";3;902;18,5300006866455;73,8399963378906;"2015"
"284";"ES";"Barcelona";"Meetup de Kaggle en Barcelona";"Analista/Estadistico/Matematico";"Meetup-de-Kaggle-en-Barcelona";2015-11-05 01:04:33;"https://www.meetup.com/Meetup-de-Kaggle-en-Barcelona/";0;"open";3;126;41,4000015258789;2,17000007629395;"2015"
"285";"MX";"Querétaro";"Querétaro Business Analytics Users Group";"data scientists";"Queretaro-Business-Analytics-Users-Group";2015-11-10 07:05:27;"https://www.meetup.com/Queretaro-Business-Analytics-Users-Group/";5;"open";3;152;20,5900001525879;-100,400001525879;"2015"
"286";"CH";"Zürich";"Zurich R User Group";"UseR";"Zurich-R-User-Group";2015-11-18 13:13:39;"https://www.meetup.com/Zurich-R-User-Group/";4,79;"open";3;552;47,3800010681152;8,53999996185303;"2015"
"287";"IT";"Napoli";"Napoli R Users Group";"appassionati di R";"Napoli-R-Users-Group";2015-11-21 22:17:05;"https://www.meetup.com/Napoli-R-Users-Group/";0;"open";3;30;40,8400001525879;14,25;"2015"
"288";"PL";"Poznan";"Poznan R Users Group (PAZUR)";"R users";"Poznan-R-User-Group-PAZUR";2015-11-27 18:50:07;"https://www.meetup.com/Poznan-R-User-Group-PAZUR/";4,5;"open";3;227;52,4000015258789;16,8999996185303;"2015"
"289";"GB";"Sale";"Data Science Manchester";"Data Explorers";"Data-Science-Manchester";2015-11-28 17:48:13;"https://www.meetup.com/Data-Science-Manchester/";0;"open";3;131;53,4099998474121;-2,3199999332428;"2015"
"290";"US";"Chico";"Chico R Users Group";"R users";"Chico-R-Users-Group";2015-12-07 23:47:25;"https://www.meetup.com/Chico-R-Users-Group/";0;"open";2;19;39,7900009155273;-121,849998474121;"2015"
"291";"UY";"Montevideo";"Comunidad de usuarios de R en UY";"Usuarios de R";"Comunidad-de-usuarios-de-R-en-UY";2015-12-10 19:58:05;"https://www.meetup.com/Comunidad-de-usuarios-de-R-en-UY/";0;"open";3;81;-34,8699989318848;-56,1699981689453;"2015"
"292";"TR";"Ankara";"Ankara Data Science and Big Data Meetup";"Data Scientist";"Ankara-Data-Science-and-Big-Data-Meetup";2015-12-16 21:29:24;"https://www.meetup.com/Ankara-Data-Science-and-Big-Data-Meetup/";4,5;"open";3;594;39,9300003051758;32,8499984741211;"2015"
"293";"US";"Nashville";"Greater Nashville Healthcare Analytics";"Members";"Greater-Nashville-Healthcare-Analytics";2015-12-17 06:00:47;"https://www.meetup.com/Greater-Nashville-Healthcare-Analytics/";4,92;"open";3;400;36,1300010681152;-86,8000030517578;"2015"
"294";"BR";"Porto Alegre";"UseRS";"Members";"UseRS_";2015-12-23 00:29:19;"https://www.meetup.com/UseRS_/";4,95;"open";3;199;-30,0400009155273;-51,2200012207031;"2015"
"295";"US";"Washington";"Statistical seminars";"scientists";"Statistical-seminars";2015-12-25 00:09:25;"https://www.meetup.com/Statistical-seminars/";5;"open";3;696;38,9099998474121;-77,0199966430664;"2015"
"296";"US";"Atlanta";"PyData Atlanta";"Members";"PyData-Atlanta";2016-01-04 23:02:20;"https://www.meetup.com/PyData-Atlanta/";4,93;"open";3;839;33,8600006103516;-84,4000015258789;"2016"
"297";"US";"Chicago";"PyData Chicago";"PyDataneers";"PyDataChi";2016-01-04 23:28:32;"https://www.meetup.com/PyDataChi/";4,69;"open";3;1227;41,8800010681152;-87,620002746582;"2016"
"298";"FR";"Marseille";"R user group Aix-Marseille";"LoveRs";"R-user-group-Aix-Marseille";2016-01-05 17:10:45;"https://www.meetup.com/R-user-group-Aix-Marseille/";4,75;"open";3;129;43,310001373291;5,36999988555908;"2016"
"299";"GB";"Nottingham";"NottinghamR - Nottingham R Users Group";"RUsers";"NottinghamR-Nottingham-R-Users-Group";2016-01-08 10:40:36;"https://www.meetup.com/NottinghamR-Nottingham-R-Users-Group/";5;"open";3;219;52,9700012207031;-1,17999994754791;"2016"
"300";"US";"Rochester";"Rochester R Users Group Meetup";"R users";"Rochester-R-Users-Group-Meetup";2016-01-12 16:17:59;"https://www.meetup.com/Rochester-R-Users-Group-Meetup/";5;"open";3;111;43,1699981689453;-77,5999984741211;"2016"
"301";"US";"Portsmouth";"Seacoast (ME/NH) Data Science Meetup";"Data Hackers";"Seacoast-ME-NH-Data-Science-Meetup";2016-01-15 18:34:02;"https://www.meetup.com/Seacoast-ME-NH-Data-Science-Meetup/";5;"open";3;85;43,0699996948242;-70,7799987792969;"2016"
"302";"CR";"Quesada";"San Carlos R User Group";"usuarios R";"San-Carlos-R-User-Group";2016-01-20 02:37:38;"https://www.meetup.com/San-Carlos-R-User-Group/";0;"open";3;115;10,3299999237061;-84,4400024414062;"2016"
"303";"KE";"Nairobi";"Data Science Nairobi";"Data Scientists";"Data-Science-Nairobi";2016-01-24 18:23:53;"https://www.meetup.com/Data-Science-Nairobi/";4;"open";3;574;-1,28999996185303;36,8199996948242;"2016"
"304";"US";"Indianapolis";"PyData Indy";"PyDataneers";"PyData-Indianapolis";2016-01-25 19:06:58;"https://www.meetup.com/PyData-Indianapolis/";4,5;"open";3;139;39,7700004577637;-86,1600036621094;"2016"
"305";"DE";"Stuttgart";"Stuttgart Predictive Analytics, Predictive Maintenance, AI";"Predictive Analysts";"Stuttgart-Predictive-Analytics-Predictive-Maintenance-AI";2016-01-30 08:31:10;"https://www.meetup.com/Stuttgart-Predictive-Analytics-Predictive-Maintenance-AI/";5;"open";3;226;48,7900009155273;9,1899995803833;"2016"
"306";"GB";"London";"R-Ladies London";"R-Ladies";"rladies-london";2016-01-31 17:36:33;"https://www.meetup.com/rladies-london/";4,93;"approval";3;655;51,5200004577637;-0,100000001490116;"2016"
"307";"FR";"Paris";"FrenchData";"Data Frenchies";"FrenchData";2016-01-31 19:05:29;"https://www.meetup.com/FrenchData/";4,8;"open";3;1840;48,8600006103516;2,33999991416931;"2016"
"308";"IN";"Bangalore";"Practical Data Science Workshops @ Bangalore";"Data Scientists";"Practical-Data-Science-Workshops-Bangalore";2016-02-05 08:54:49;"https://www.meetup.com/Practical-Data-Science-Workshops-Bangalore/";4,83;"open";3;1047;12,9700002670288;77,5599975585938;"2016"
"309";"CO";"Bogotá";"PyData Bogotá";"Members";"PyData-Bogota";2016-02-05 22:15:08;"https://www.meetup.com/PyData-Bogota/";4,73;"open";3;343;4,63000011444092;-74,0899963378906;"2016"
"310";"US";"Portland";"Portland Alteryx User Group";"Alteryx Users";"Portland-Alteryx-User-Group";2016-02-08 19:36:20;"https://www.meetup.com/Portland-Alteryx-User-Group/";5;"open";3;51;45,5200004577637;-122,639999389648;"2016"
"311";"AR";"Buenos Aires";"Inteligencia Artificial Argentina";"Artificial Intelligents";"InteligenciaArtificialArgentina";2016-02-22 03:15:51;"https://www.meetup.com/InteligenciaArtificialArgentina/";4,77;"approval";3;371;-34,6100006103516;-58,3699989318848;"2016"
"312";"ES";"Madrid";"Analytics Talks";"Usuarios Únicos";"Analytics_Talks";2016-02-23 12:03:08;"https://www.meetup.com/Analytics_Talks/";0;"open";3;120;40,4199981689453;-3,71000003814697;"2016"
"313";"US";"Memphis";"Memphis R Users Group";"Members";"Memphis-R-Users-Group";2016-02-28 03:32:19;"https://www.meetup.com/Memphis-R-Users-Group/";5;"open";3;99;35,1199989318848;-89,8600006103516;"2016"
"314";"NZ";"Christchurch";"Christchurch Big Data";"Meetup Group Members";"Christchurch-Big-Data-Meetup";2016-02-28 21:10:31;"https://www.meetup.com/Christchurch-Big-Data-Meetup/";5;"open";3;146;-43,5299987792969;172,639999389648;"2016"
"315";"CA";"Montréal";"Data + Marketing";"Data Bytes";"Data-Marketing";2016-03-01 06:52:24;"https://www.meetup.com/Data-Marketing/";4,75;"open";3;666;45,5200004577637;-73,5800018310547;"2016"
"316";"GB";"Exeter";"Data Science Exeter";"Data Scientists";"Data-Science-Exeter";2016-03-02 15:41:07;"https://www.meetup.com/Data-Science-Exeter/";4,42;"open";3;155;50,7299995422363;-3,51999998092651;"2016"
"317";"CA";"Ottawa";"Ottawa Bayesian Statistics Meetup";"Those who fear p-values";"Ottawa-Bayesian-Statistics-Meetup";2016-03-04 21:25:37;"https://www.meetup.com/Ottawa-Bayesian-Statistics-Meetup/";5;"open";3;112;45,3899993896484;-75,6900024414062;"2016"
"318";"US";"Little Rock";"Code•It! Little Rock Dev Meetup";"Members";"Code-It-Little-Rock-Dev-Meetup";2016-03-09 19:08:03;"https://www.meetup.com/Code-It-Little-Rock-Dev-Meetup/";4;"open";3;140;34,75;-92,2799987792969;"2016"
"319";"US";"Cleveland";"Greater Cleveland Python/Julia/R Data Science Group";"Data Scientists";"Greater-Cleveland-SciPy-Julia-R-Data-Science-Group";2016-03-12 02:01:14;"https://www.meetup.com/Greater-Cleveland-SciPy-Julia-R-Data-Science-Group/";4,94;"approval";3;225;41,4700012207031;-81,5800018310547;"2016"
"320";"SG";"Singapore";"Return and Risk Quants";"R&R Quants";"Singapore-Return-and-Risk-Quants";2016-03-20 05:28:08;"https://www.meetup.com/Singapore-Return-and-Risk-Quants/";4;"approval";3;101;1,29999995231628;103,849998474121;"2016"
"321";"JP";"Tokyo";"Tokyo Machine Learning Gym";"ML-trainees";"Tokyo-Machine-Learning-Gym";2016-03-29 06:37:34;"https://www.meetup.com/Tokyo-Machine-Learning-Gym/";5;"open";3;552;35,6699981689453;139,770004272461;"2016"
"322";"DE";"Berlin";"Berlin Real World Data Science/Machine Learning Group";"Real World Data Thugs";"Berlin-Real-World-Data-Science-Machine-Learning-Group";2016-04-10 16:33:44;"https://www.meetup.com/Berlin-Real-World-Data-Science-Machine-Learning-Group/";0;"open";3;340;52,5200004577637;13,3800001144409;"2016"
"323";"US";"Phoenix";"Phoenix R User Group";"Data Scientists";"Phoenix-R-User-Group";2016-04-17 01:14:51;"https://www.meetup.com/Phoenix-R-User-Group/";4,92;"open";3;380;33,4500007629395;-112,069999694824;"2016"
"324";"ES";"Valencia";"Valencia R Users Group";"R users";"Valencia-R-Users-Group";2016-04-17 23:13:03;"https://www.meetup.com/Valencia-R-Users-Group/";0;"open";3;58;39,4799995422363;-0,389999985694885;"2016"
"325";"US";"Philadelphia";"PhillyR";"Members";"PhillyR";2016-04-19 17:45:11;"https://www.meetup.com/PhillyR/";5;"open";3;204;39,9599990844727;-75,1999969482422;"2016"
"326";"DK";"Copenhagen";"Sports Analytics - Copenhagen";"Members";"Sports-Analytics-Copenhagen";2016-04-20 22:04:11;"https://www.meetup.com/Sports-Analytics-Copenhagen/";0;"open";0;48;55,6800003051758;12,5699996948242;"2016"
"327";"AU";"Brisbane";"Alteryx User Group Brisbane";"Alteryxers";"Alteryx-User-Group-Brisbane";2016-04-24 23:35:35;"https://www.meetup.com/Alteryx-User-Group-Brisbane/";0;"approval";3;3;-27,4599990844727;153,020004272461;"2016"
"328";"GB";"London";"Data Science Festival - London";"Data Scientists";"Data-Science-Festival-London";2016-04-25 14:31:41;"https://www.meetup.com/Data-Science-Festival-London/";4,72;"open";3;2434;51,5200004577637;-0,100000001490116;"2016"
"329";"US";"Indianapolis";"Indianapolis Power BI & Modern Excel Meetup";"Analytics Geeks";"Indianapolis-Power-BI-Modern-Excel-Meetup";2016-04-26 02:36:46;"https://www.meetup.com/Indianapolis-Power-BI-Modern-Excel-Meetup/";0;"open";3;45;39,9000015258789;-86,2300033569336;"2016"
"330";"BR";"Florianópolis";"Florianópolis R-NNQ R users group";"Participantes/Estudiosos";"Florianopolis-R-NNQ-R-users-group";2016-05-06 20:50:54;"https://www.meetup.com/Florianopolis-R-NNQ-R-users-group/";5;"open";3;116;-27,6000003814697;-48,5400009155273;"2016"
"331";"IT";"Trento";"Trento R User's Group";"utenti di R, R users";"Trento-R-Users-Group";2016-05-09 15:22:27;"https://www.meetup.com/Trento-R-Users-Group/";5;"open";3;63;46,0699996948242;11,1199998855591;"2016"
"332";"US";"San Diego";"San Diego Women in Data Science";"Data Scientists";"San-Diego-Women-in-Data-Science";2016-05-12 03:15:41;"https://www.meetup.com/San-Diego-Women-in-Data-Science/";5;"approval";3;142;32,8499984741211;-117,209999084473;"2016"
"333";"AU";"Brisbane";"Brisbane Users of R Group - BURGr";"Members";"Brisbane-Users-of-R-Group-BURGr";2016-05-12 14:39:50;"https://www.meetup.com/Brisbane-Users-of-R-Group-BURGr/";5;"open";3;196;-27,4599990844727;153,020004272461;"2016"
"334";"BR";"Belo Horizonte";"Belo Horizonte R Users Group";"Estatísticos e Data Scientists";"Belo-Horizonte-R-Users-Group";2016-05-13 02:04:42;"https://www.meetup.com/Belo-Horizonte-R-Users-Group/";0;"open";3;69;-19,9200000762939;-43,939998626709;"2016"
"335";"ET";"Addis Abeba";"Addis Ababa R User's Group";"Members";"Addis-Ababa-R-Users-Group";2016-05-18 09:07:32;"https://www.meetup.com/Addis-Ababa-R-Users-Group/";0;"open";3;26;9,02999973297119;38,7400016784668;"2016"
"336";"RS";"Belgrade";"BelgradeR";"R Users";"BelgradeR";2016-05-18 21:45:09;"https://www.meetup.com/BelgradeR/";5;"open";3;234;44,8300018310547;20,5;"2016"
"337";"PE";"Lima";"Grupo Usuarios de R en Lima-Perú";"Ruser-Lima";"Grupo-Usuarios-de-R-en-Lima-Peru";2016-05-22 01:41:47;"https://www.meetup.com/Grupo-Usuarios-de-R-en-Lima-Peru/";0;"open";3;358;-12,0699996948242;-77,0500030517578;"2016"
"338";"CA";"Vancouver";"Data, Technology and Storytelling";"Visionaries";"Data-Technology-and-Storytelling";2016-05-23 21:58:05;"https://www.meetup.com/Data-Technology-and-Storytelling/";0;"open";3;87;49,2799987792969;-123,040000915527;"2016"
"339";"US";"Charlottesville";"Charlottesville Data Science";"Members";"CharlottesvilleDataScience";2016-05-24 21:04:42;"https://www.meetup.com/CharlottesvilleDataScience/";4,66;"open";3;218;38,060001373291;-78,4899978637695;"2016"
"340";"DE";"Osnabrück";"Osnabrück R und Data Science";"useRs und Data Scientists";"Osnabrueck-R-und-Data-Science";2016-05-25 13:40:39;"https://www.meetup.com/Osnabrueck-R-und-Data-Science/";0;"open";3;41;52,2799987792969;8,05000019073486;"2016"
"341";"US";"Palo Alto";"Silicon Valley Academic Economics Meetup";"Members";"Silicon-Valley-Academic-Economics-Meetup";2016-05-28 04:56:06;"https://www.meetup.com/Silicon-Valley-Academic-Economics-Meetup/";0;"open";3;36;37,4199981689453;-122,129997253418;"2016"
"342";"AM";"Yerevan";"Yerevan R User Group meetup";"r-ers";"Yerevan-R-User-Group-meetup";2016-06-01 11:44:01;"https://www.meetup.com/Yerevan-R-User-Group-meetup/";0;"approval";3;48;40,1699981689453;44,5200004577637;"2016"
"343";"DO";"Santo Domingo";"Comunidad de Analítica en Santo Domingo (R | Python)";"Heroes";"Comunidad-de-Analitica-en-Santo-Domingo-R-Python";2016-06-06 17:42:37;"https://www.meetup.com/Comunidad-de-Analitica-en-Santo-Domingo-R-Python/";4,81;"approval";3;106;18,4799995422363;-69,9100036621094;"2016"
"344";"US";"Santa Clara";"Silicon Valley Data Science Predictive Analytics Meetup";"Members";"Silicon-Valley-Data-Science-Predictive-Analytics-Meetup";2016-06-16 21:34:44;"https://www.meetup.com/Silicon-Valley-Data-Science-Predictive-Analytics-Meetup/";0;"open";3;320;37,3499984741211;-121,959999084473;"2016"
"345";"TW";"Taipei";"R Data Project Hackathon";"Members";"R-Project-Maker";2016-06-18 09:28:45;"https://www.meetup.com/R-Project-Maker/";0;"open";3;154;25,0200004577637;121,449996948242;"2016"
"346";"CO";"Medellín";"Meetup: Bayesian Econometrics";"BEsmarter team";"Meetup-Bayesian-Econometrics";2016-06-23 18:47:21;"https://www.meetup.com/Meetup-Bayesian-Econometrics/";0;"open";3;25;6,25;-75,5899963378906;"2016"
"347";"IN";"Bangalore";"Bengaluru Insights & Data Meetup";"Members";"Bengaluru-Insights-and-Data-Meetup";2016-06-25 14:45:59;"https://www.meetup.com/Bengaluru-Insights-and-Data-Meetup/";0;"open";3;132;12,9700002670288;77,5599975585938;"2016"
"348";"FR";"Nantes";"Meetup R Nantes";"Membres";"Meetup-R-Nantes";2016-06-27 15:35:15;"https://www.meetup.com/Meetup-R-Nantes/";4,75;"open";3;144;47,2299995422363;-1,57000005245209;"2016"
"349";"IN";"Mumbai";"Business Use Cases for Deep Learning, IoT & Data Science";"Members";"Business-Cases-for-Deep-Learning-IoT-Data-Science";2016-07-07 20:42:25;"https://www.meetup.com/Business-Cases-for-Deep-Learning-IoT-Data-Science/";0;"approval";3;21;18,9599990844727;72,8199996948242;"2016"
"350";"KR";"Seoul";"Seoul: Applied Mathematics and Scientific Computing Meetup";"Members";"Seoul-Applied-Mathematics-and-Scientific-Computing-Meetup";2016-07-24 08:35:08;"https://www.meetup.com/Seoul-Applied-Mathematics-and-Scientific-Computing-Meetup/";0;"open";3;48;37,560001373291;126,98999786377;"2016"
"351";"IN";"Hyderabad";"DATAS - Data Analysis Through Applied Statistics";"Members";"DATASGroup";2016-07-26 11:21:32;"https://www.meetup.com/DATASGroup/";0;"open";3;189;17,3999996185303;78,4800033569336;"2016"
"352";"US";"Los Angeles";"Kaggle Team Meetup";"Members";"Kaggle-Team-Meetup";2016-08-02 05:40:16;"https://www.meetup.com/Kaggle-Team-Meetup/";3;"open";3;90;33,9700012207031;-118,23999786377;"2016"
"353";"US";"Boston";"Boston R/Bioconductor for Genomics";"Members";"Boston-R-Bioconductor-for-genomics";2016-08-03 19:05:40;"https://www.meetup.com/Boston-R-Bioconductor-for-genomics/";4,88;"open";3;194;42,3400001525879;-71,0899963378906;"2016"
"354";"US";"Durham";"R-Ladies RTP";"Members";"R-Ladies-RTP";2016-08-15 16:22:56;"https://www.meetup.com/R-Ladies-RTP/";5;"open";3;155;36;-78,9000015258789;"2016"
"355";"AU";"Melbourne";"R-Ladies Melbourne";"Members";"R-Ladies-Melbourne";2016-09-02 02:31:57;"https://www.meetup.com/R-Ladies-Melbourne/";4,93;"open";3;218;-37,810001373291;144,960006713867;"2016"
"356";"ES";"Madrid";"R-Ladies Madrid";"R-Ladies";"rladies-madrid";2016-09-02 22:29:35;"https://www.meetup.com/rladies-madrid/";4,8;"open";3;159;40,4199981689453;-3,71000003814697;"2016"
"357";"US";"Los Angeles";"R-Ladies Los Angeles";"R Ladies";"rladies-la";2016-09-03 01:06:52;"https://www.meetup.com/rladies-la/";5;"open";3;76;34,0699996948242;-118,449996948242;"2016"
"358";"GE";"Tbilisi";"Data Science Tbilisi";"Data Scientists";"Data-Science-Tbilisi";2016-09-05 15:52:48;"https://www.meetup.com/Data-Science-Tbilisi/";5;"open";3;130;41,7200012207031;44,7900009155273;"2016"
"359";"CY";"Nicosia";"emeRgent";"Members";"emeRgent-CY";2016-09-15 08:50:47;"https://www.meetup.com/emeRgent-CY/";0;"open";3;17;35,1599998474121;33,3800010681152;"2016"
"360";"FR";"Nantes";"DataViz Nantes";"Membres";"DataViz-Nantes";2016-09-15 14:26:11;"https://www.meetup.com/DataViz-Nantes/";4,67;"open";3;174;47,2299995422363;-1,57000005245209;"2016"
"361";"FR";"Paris";"R-Ladies Paris";"Members";"rladies-paris";2016-09-19 17:39:51;"https://www.meetup.com/rladies-paris/";4,84;"open";3;92;48,8600006103516;2,33999991416931;"2016"
"362";"AU";"Sydney";"Girls learning R (Data Science)";"Members";"Girls-learning-R-Data-Science";2016-09-20 05:11:55;"https://www.meetup.com/Girls-learning-R-Data-Science/";0;"approval";3;70;-33,8699989318848;151,210006713867;"2016"
"363";"PL";"Wroclaw";"PyData Wroclaw";"Members";"PyData-Wroclaw";2016-09-23 16:27:19;"https://www.meetup.com/PyData-Wroclaw/";0;"open";3;111;51,1100006103516;17,0300006866455;"2016"
"364";"US";"Nashville";"R-Ladies Nashville";"Members";"rladies-nashville";2016-09-28 21:20:35;"https://www.meetup.com/rladies-nashville/";5;"open";3;59;36,1699981689453;-86,7799987792969;"2016"
"365";"US";"Columbus";"R-Ladies Columbus";"Members";"R-Ladies-Columbus";2016-10-04 21:09:07;"https://www.meetup.com/R-Ladies-Columbus/";5;"open";3;75;40,0099983215332;-83,0199966430664;"2016"
"366";"TR";"Izmir";"R-Ladies İzmiR";"Members";"R-Ladies-İzmiR";2016-10-09 07:00:18;"https://www.meetup.com/R-Ladies-%C4%B0zmiR/";0;"open";3;43;38,4300003051758;27,1499996185303;"2016"
"367";"BR";"Belo Horizonte";"Dr. Stats";"Membros";"Dr-Stats";2016-10-15 05:07:18;"https://www.meetup.com/Dr-Stats/";0;"open";3;50;-19,9200000762939;-43,939998626709;"2016"
"368";"ES";"Barcelona";"R-Ladies Barcelona";"R-Ladies";"rladies-barcelona";2016-10-22 12:56:36;"https://www.meetup.com/rladies-barcelona/";4,5;"approval";3;86;41,4000015258789;2,17000007629395;"2016"
"369";"TW";"Taipei";"R-Ladies Taipei";"Members";"R-Ladies-Taipei";2016-10-23 20:10:35;"https://www.meetup.com/R-Ladies-Taipei/";0;"open";2;84;25,0200004577637;121,449996948242;"2016"
"370";"GB";"London";"London BeginR";"Members";"London-beginR";2016-10-23 20:13:17;"https://www.meetup.com/London-beginR/";0;"open";3;74;51,5200004577637;-0,100000001490116;"2016"
"371";"US";"Stamford";"Data Scientists in Stamford";"Members";"Data-Science-in-Stamford";2016-10-25 13:19:58;"https://www.meetup.com/Data-Science-in-Stamford/";0;"open";3;59;41,0499992370605;-73,5400009155273;"2016"
"372";"PT";"Lisbon";"R-Ladies Lisboa";"Membros";"R-Ladies-Lisboa";2016-10-26 16:31:40;"https://www.meetup.com/R-Ladies-Lisboa/";0;"open";3;35;38,7200012207031;-9,14000034332275;"2016"
"373";"DE";"Berlin";"R-Ladies Berlin";"Mitglieder";"rladies-berlin";2016-10-31 12:45:32;"https://www.meetup.com/rladies-berlin/";0;"open";3;61;52,5200004577637;13,3800001144409;"2016"
"374";"TR";"Istanbul";"PyData Istanbul";"Members";"PyData-Istanbul";2016-11-07 22:16:23;"https://www.meetup.com/PyData-Istanbul/";0;"open";3;167;41,0099983215332;28,9599990844727;"2016"
"375";"AU";"Adelaide";"Adelaide R Users Group";"R Users";"Adelaide-R-Users";2016-11-07 23:08:06;"https://www.meetup.com/Adelaide-R-Users/";0;"open";3;43;-34,9300003051758;138,600006103516;"2016"
"376";"US";"Hartford";"R-Ladies Connecticut";"R-Ladies";"rladies-connecticut";2016-11-10 00:29:25;"https://www.meetup.com/rladies-connecticut/";0;"open";2;16;41,7900009155273;-72,6699981689453;"2016"
"377";"US";"New York";"Statistical Inference Study Group Meetup";"Population Samples";"statistical-inference";2016-11-23 16:42:49;"https://www.meetup.com/statistical-inference/";0;"open";3;73;40,75;-73,9899978637695;"2016"
"378";"AE";"Abu Dhabi";"Data Science - Abu Dhabi";"Members";"Data-Science-Abu-Dhabi";2016-11-24 13:02:44;"https://www.meetup.com/Data-Science-Abu-Dhabi/";0;"open";3;13;24,4799995422363;54,3699989318848;"2016"
"379";"US";"Ames";"R-Ladies Ames";"R-Ladies";"R-Ladies-Ames";2016-11-26 00:57:26;"https://www.meetup.com/R-Ladies-Ames/";0;"open";2;11;42,0299987792969;-93,6399993896484;"2016"
